-- phpMyAdmin SQL Dump
-- version 4.2.11
-- http://www.phpmyadmin.net
--
-- Servidor: 127.0.0.1
-- Tiempo de generación: 02-08-2016 a las 04:41:14
-- Versión del servidor: 5.6.21
-- Versión de PHP: 5.6.3

SET SQL_MODE = "NO_AUTO_VALUE_ON_ZERO";
SET time_zone = "+00:00";


/*!40101 SET @OLD_CHARACTER_SET_CLIENT=@@CHARACTER_SET_CLIENT */;
/*!40101 SET @OLD_CHARACTER_SET_RESULTS=@@CHARACTER_SET_RESULTS */;
/*!40101 SET @OLD_COLLATION_CONNECTION=@@COLLATION_CONNECTION */;
/*!40101 SET NAMES utf8 */;

--
-- Base de datos: `siot`
--

-- --------------------------------------------------------

--
-- Estructura de tabla para la tabla `bitacora`
--

CREATE TABLE IF NOT EXISTS `bitacora` (
`id_bitacora` int(5) NOT NULL,
  `usuario` varchar(25) NOT NULL,
  `tabla` varchar(16) NOT NULL,
  `accion` varchar(10) NOT NULL,
  `descripcion` varchar(150) NOT NULL,
  `fecha` timestamp NOT NULL DEFAULT CURRENT_TIMESTAMP ON UPDATE CURRENT_TIMESTAMP
) ENGINE=InnoDB AUTO_INCREMENT=750 DEFAULT CHARSET=latin1;

--
-- Volcado de datos para la tabla `bitacora`
--

INSERT INTO `bitacora` (`id_bitacora`, `usuario`, `tabla`, `accion`, `descripcion`, `fecha`) VALUES
(30, 'root', 'usuarios', 'Registrado', 'Este usuario ha sido registrado', '2016-07-26 12:51:43'),
(31, 'root', 'usuarios', 'Registrado', 'Este usuario ha sido registrado', '2016-07-26 13:50:48'),
(32, 'root', 'usuarios', 'Registrado', 'El usuario brodriguez se registro', '2016-07-26 16:57:48'),
(33, 'root', 'usuarios', 'Modificado', 'El usuario brodriguez se modifico', '2016-07-26 17:11:05'),
(34, 'root', 'usuarios', 'Registrado', 'El usuario ymartinez se registro', '2016-07-26 17:23:58'),
(35, 'root', 'usuarios', 'Modificado', 'El usuario ymartinez se modifico', '2016-07-26 17:25:20'),
(36, 'root', 'usuarios', 'Registrado', 'El usuario ypaucar se registro', '2016-07-26 17:30:21'),
(37, 'root', 'productos', 'Registrar', 'Se ha Registrado el producto CARAOTA CHIRICA', '2016-07-26 17:44:50'),
(38, 'root', 'productos', 'Registrar', 'Se ha Registrado el producto ARROZ CHIRICA', '2016-07-26 17:45:20'),
(39, 'root', 'productos', 'Registrar', 'Se ha Registrado el producto AZUCAR CHIRICA', '2016-07-26 17:46:13'),
(40, 'root', 'producto_planta', 'Asociar', 'Se asocio un producto a una planta', '2016-07-26 17:48:53'),
(41, 'root', 'producto_planta', 'Asociar', 'Se asocio un producto a una planta', '2016-07-26 17:49:15'),
(42, 'root', 'producto_planta', 'Asociar', 'Se asocio un producto a una planta', '2016-07-26 17:49:37'),
(43, 'root', 'reportes', 'Registrar', 'Se ha Registrado el reporte 60', '2016-07-26 17:51:35'),
(44, 'root', 'reportes', 'Registrar', 'Se ha Registrado el reporte 61', '2016-07-26 17:52:01'),
(45, 'root', 'reportes', 'Registrar', 'Se ha Registrado el reporte 62', '2016-07-26 17:52:33'),
(46, 'root', 'reportes', 'Registrar', 'Se ha Registrado el reporte 63', '2016-07-26 17:53:42'),
(47, 'root', 'reportes', 'Registrar', 'Se ha Registrado el reporte 64', '2016-07-26 17:54:49'),
(48, 'root', 'reportes', 'Registrar', 'Se ha Registrado el reporte 65', '2016-07-26 17:55:15'),
(49, 'root', 'reportes', 'Modificar', 'Se ha Modificado el reporte 60', '2016-07-26 17:59:05'),
(50, 'root', 'reportes', 'Modificar', 'Se ha Modificado el reporte 61', '2016-07-26 17:59:22'),
(51, 'root', 'reportes', 'Modificar', 'Se ha Modificado el reporte 62', '2016-07-26 17:59:43'),
(52, 'root', 'reportes', 'Modificar', 'Se ha Modificado el reporte 63', '2016-07-26 18:00:07'),
(53, 'root', 'reportes', 'Modificar', 'Se ha Modificado el reporte 64', '2016-07-26 18:00:26'),
(54, 'root', 'reportes', 'Modificar', 'Se ha Modificado el reporte 65', '2016-07-26 18:00:48'),
(55, 'root', 'reportes', 'Registrar', 'Se ha Registrado el reporte 66', '2016-07-26 18:03:29'),
(56, 'root', 'reportes', 'Registrar', 'Se ha Registrado el reporte 67', '2016-01-08 18:06:50'),
(57, 'root', 'reportes', 'Modificar', 'Se ha Modificado el reporte 66', '2016-07-26 18:08:22'),
(58, 'root', 'reportes', 'Registrar', 'Se ha Registrado el reporte 68', '2016-01-10 18:37:16'),
(59, 'root', 'reportes', 'Registrar', 'Se ha Registrado el reporte 69', '2016-01-10 18:37:43'),
(60, 'root', 'reportes', 'Modificar', 'Se ha Modificado el reporte 68', '2016-01-10 18:38:48'),
(61, 'root', 'reportes', 'Modificar', 'Se ha Modificado el reporte 69', '2016-01-10 18:39:01'),
(62, 'root', 'reportes', 'Registrar', 'Se ha Registrado el reporte 70', '2016-01-10 18:39:46'),
(63, 'root', 'reportes', 'Registrar', 'Se ha Registrado el reporte 71', '2016-01-10 18:40:43'),
(64, 'root', 'reportes', 'Registrar', 'Se ha Registrado el reporte 72', '2016-01-10 18:41:42'),
(65, 'root', 'reportes', 'Registrar', 'Se ha Registrado el reporte 73', '2016-01-10 18:42:04'),
(66, 'root', 'reportes', 'Registrar', 'Se ha Registrado el reporte 74', '2016-01-10 18:42:28'),
(67, 'root', 'reportes', 'Registrar', 'Se ha Registrado el reporte 75', '2016-01-10 18:42:50'),
(68, 'root', 'reportes', 'Registrar', 'Se ha Registrado el reporte 76', '2016-01-10 18:43:02'),
(69, 'root', 'reportes', 'Registrar', 'Se ha Registrado el reporte 77', '2016-01-10 18:43:13'),
(70, 'root', 'reportes', 'Registrar', 'Se ha Registrado el reporte 78', '2016-01-10 18:43:59'),
(71, 'root', 'reportes', 'Registrar', 'Se ha Registrado el reporte 79', '2016-01-10 18:44:16'),
(72, 'root', 'reportes', 'Registrar', 'Se ha Registrado el reporte 80', '2016-01-10 18:44:47'),
(73, 'root', 'reportes', 'Registrar', 'Se ha Registrado el reporte 81', '2016-01-10 18:45:58'),
(74, 'root', 'reportes', 'Registrar', 'Se ha Registrado el reporte 82', '2016-01-10 18:46:10'),
(75, 'root', 'reportes', 'Registrar', 'Se ha Registrado el reporte 83', '2016-01-10 18:46:19'),
(76, 'root', 'reportes', 'Registrar', 'Se ha Registrado el reporte 84', '2016-01-10 18:46:31'),
(77, 'root', 'reportes', 'Registrar', 'Se ha Registrado el reporte 85', '2016-01-10 18:46:42'),
(78, 'root', 'reportes', 'Registrar', 'Se ha Registrado el reporte 86', '2016-01-10 18:46:52'),
(79, 'root', 'reportes', 'Registrar', 'Se ha Registrado el reporte 87', '2016-01-10 18:47:46'),
(80, 'root', 'reportes', 'Registrar', 'Se ha Registrado el reporte 88', '2016-01-10 18:47:59'),
(81, 'root', 'reportes', 'Registrar', 'Se ha Registrado el reporte 89', '2016-01-10 18:48:10'),
(82, 'root', 'reportes', 'Registrar', 'Se ha Registrado el reporte 90', '2016-01-10 18:48:20'),
(83, 'root', 'reportes', 'Registrar', 'Se ha Registrado el reporte 91', '2016-01-10 18:49:03'),
(84, 'root', 'reportes', 'Registrar', 'Se ha Registrado el reporte 92', '2016-01-10 18:49:14'),
(85, 'root', 'reportes', 'Registrar', 'Se ha Registrado el reporte 93', '2016-01-10 18:49:25'),
(86, 'root', 'reportes', 'Registrar', 'Se ha Registrado el reporte 94', '2016-01-10 18:49:38'),
(87, 'root', 'reportes', 'Registrar', 'Se ha Registrado el reporte 95', '2016-01-10 18:50:07'),
(88, 'root', 'reportes', 'Registrar', 'Se ha Registrado el reporte 96', '2016-01-10 18:50:32'),
(89, 'root', 'reportes', 'Registrar', 'Se ha Registrado el reporte 97', '2016-01-10 18:50:53'),
(90, 'root', 'reportes', 'Registrar', 'Se ha Registrado el reporte 98', '2016-01-10 18:51:23'),
(91, 'root', 'usuarios', 'Registrado', 'El usuario luis se registro', '2016-07-26 22:57:16'),
(92, 'root', 'reportes', 'Registrar', 'Se ha Registrado el reporte 99', '2016-07-26 23:15:53'),
(93, 'root', 'reportes', 'Modificar', 'Se ha Modificado el reporte 98', '2016-07-26 23:16:13'),
(94, 'root', 'reportes', 'Registrar', 'Se ha Registrado el reporte 100', '2016-07-26 23:16:41'),
(95, 'root', 'reportes', 'Registrar', 'Se ha Registrado el reporte 101', '2016-07-26 23:17:01'),
(96, 'root', 'reportes', 'Registrar', 'Se ha Registrado el reporte 102', '2016-07-26 23:17:29'),
(97, 'root', 'reportes', 'Registrar', 'Se ha Registrado el reporte 103', '2016-07-26 23:17:43'),
(98, 'root', 'reportes', 'Registrar', 'Se ha Registrado el reporte 104', '2016-07-26 23:17:56'),
(99, 'root', 'reportes', 'Registrar', 'Se ha Registrado el reporte 105', '2016-07-26 23:18:24'),
(100, 'root', 'reportes', 'Registrar', 'Se ha Registrado el reporte 106', '2016-07-26 23:18:47'),
(101, 'root', 'reportes', 'Registrar', 'Se ha Registrado el reporte 107', '2016-07-26 23:19:09'),
(102, 'root', 'reportes', 'Registrar', 'Se ha Registrado el reporte 108', '2016-07-26 23:19:34'),
(103, 'root', 'reportes', 'Registrar', 'Se ha Registrado el reporte 109', '2016-07-26 23:20:33'),
(104, 'root', 'reportes', 'Modificar', 'Se ha Modificado el reporte 109', '2016-07-26 23:20:51'),
(105, 'root', 'reportes', 'Modificar', 'Se ha Modificado el reporte 109', '2016-07-26 23:21:16'),
(106, 'root', 'reportes', 'Registrar', 'Se ha Registrado el reporte 110', '2016-07-26 23:21:36'),
(107, 'root', 'reportes', 'Registrar', 'Se ha Registrado el reporte 111', '2016-07-26 23:21:59'),
(108, 'root', 'reportes', 'Registrar', 'Se ha Registrado el reporte 112', '2016-07-26 23:22:12'),
(109, 'root', 'reportes', 'Registrar', 'Se ha Registrado el reporte 113', '2016-07-26 23:22:26'),
(110, 'root', 'reportes', 'Registrar', 'Se ha Registrado el reporte 114', '2016-07-26 23:22:41'),
(111, 'root', 'reportes', 'Registrar', 'Se ha Registrado el reporte 115', '2016-07-26 23:22:53'),
(112, 'root', 'reportes', 'Registrar', 'Se ha Registrado el reporte 116', '2016-07-26 23:23:25'),
(113, 'root', 'reportes', 'Registrar', 'Se ha Registrado el reporte 117', '2016-07-26 23:24:20'),
(114, 'root', 'reportes', 'Registrar', 'Se ha Registrado el reporte 118', '2016-07-26 23:24:45'),
(115, 'root', 'reportes', 'Registrar', 'Se ha Registrado el reporte 119', '2016-07-26 23:25:10'),
(116, 'root', 'reportes', 'Registrar', 'Se ha Registrado el reporte 120', '2016-07-26 23:25:31'),
(117, 'root', 'reportes', 'Registrar', 'Se ha Registrado el reporte 121', '2016-07-26 23:25:53'),
(118, 'root', 'reportes', 'Registrar', 'Se ha Registrado el reporte 122', '2016-07-26 23:26:11'),
(119, 'root', 'reportes', 'Registrar', 'Se ha Registrado el reporte 123', '2016-07-26 23:26:31'),
(120, 'root', 'reportes', 'Registrar', 'Se ha Registrado el reporte 124', '2016-07-26 23:26:48'),
(121, 'root', 'reportes', 'Registrar', 'Se ha Registrado el reporte 125', '2016-07-26 23:27:03'),
(122, 'root', 'reportes', 'Modificar', 'Se ha Modificado el reporte 125', '2016-07-26 23:27:27'),
(123, 'root', 'reportes', 'Registrar', 'Se ha Registrado el reporte 126', '2016-07-26 23:27:44'),
(124, 'root', 'reportes', 'Registrar', 'Se ha Registrado el reporte 127', '2016-07-26 23:28:35'),
(125, 'root', 'reportes', 'Registrar', 'Se ha Registrado el reporte 128', '2016-07-26 23:29:23'),
(126, 'root', 'reportes', 'Registrar', 'Se ha Registrado el reporte 129', '2016-07-26 23:29:36'),
(127, 'root', 'reportes', 'Registrar', 'Se ha Registrado el reporte 130', '2016-07-26 23:29:50'),
(128, 'root', 'reportes', 'Registrar', 'Se ha Registrado el reporte 131', '2016-07-26 23:30:02'),
(129, 'root', 'reportes', 'Registrar', 'Se ha Registrado el reporte 132', '2016-07-26 23:30:17'),
(130, 'root', 'reportes', 'Registrar', 'Se ha Registrado el reporte 133', '2016-07-26 23:30:32'),
(131, 'root', 'reportes', 'Registrar', 'Se ha Registrado el reporte 134', '2016-07-26 23:30:55'),
(132, 'root', 'reportes', 'Registrar', 'Se ha Registrado el reporte 135', '2016-07-26 23:31:11'),
(133, 'root', 'reportes', 'Registrar', 'Se ha Registrado el reporte 136', '2016-07-26 23:31:57'),
(134, 'root', 'reportes', 'Registrar', 'Se ha Registrado el reporte 137', '2016-07-26 23:32:10'),
(135, 'root', 'reportes', 'Registrar', 'Se ha Registrado el reporte 138', '2016-07-26 23:32:25'),
(136, 'root', 'reportes', 'Registrar', 'Se ha Registrado el reporte 139', '2016-07-26 23:32:39'),
(137, 'root', 'reportes', 'Registrar', 'Se ha Registrado el reporte 140', '2016-07-26 23:33:18'),
(138, 'root', 'reportes', 'Registrar', 'Se ha Registrado el reporte 141', '2016-07-26 23:33:40'),
(139, 'root', 'reportes', 'Registrar', 'Se ha Registrado el reporte 142', '2016-07-26 23:34:01'),
(140, 'root', 'reportes', 'Registrar', 'Se ha Registrado el reporte 143', '2016-07-26 23:34:16'),
(141, 'root', 'reportes', 'Registrar', 'Se ha Registrado el reporte 144', '2016-07-26 23:34:48'),
(142, 'root', 'reportes', 'Registrar', 'Se ha Registrado el reporte 145', '2016-07-26 23:35:52'),
(143, 'root', 'reportes', 'Registrar', 'Se ha Registrado el reporte 146', '2016-07-26 23:36:07'),
(144, 'root', 'reportes', 'Registrar', 'Se ha Registrado el reporte 147', '2016-07-26 23:36:35'),
(145, 'root', 'reportes', 'Registrar', 'Se ha Registrado el reporte 148', '2016-07-26 23:37:04'),
(146, 'root', 'reportes', 'Registrar', 'Se ha Registrado el reporte 149', '2016-07-26 23:37:27'),
(147, 'root', 'reportes', 'Registrar', 'Se ha Registrado el reporte 150', '2016-07-26 23:37:50'),
(148, 'root', 'reportes', 'Registrar', 'Se ha Registrado el reporte 151', '2016-07-26 23:38:15'),
(149, 'root', 'reportes', 'Registrar', 'Se ha Registrado el reporte 152', '2016-07-26 23:38:36'),
(150, 'root', 'reportes', 'Registrar', 'Se ha Registrado el reporte 153', '2016-07-26 23:38:50'),
(151, 'root', 'reportes', 'Registrar', 'Se ha Registrado el reporte 154', '2016-07-26 23:43:35'),
(152, 'root', 'reportes', 'Registrar', 'Se ha Registrado el reporte 155', '2016-07-26 23:45:14'),
(153, 'root', 'reportes', 'Registrar', 'Se ha Registrado el reporte 156', '2016-07-26 23:45:40'),
(154, 'root', 'reportes', 'Registrar', 'Se ha Registrado el reporte 157', '2016-07-26 23:46:02'),
(155, 'root', 'reportes', 'Registrar', 'Se ha Registrado el reporte 158', '2016-07-26 23:46:20'),
(156, 'root', 'reportes', 'Registrar', 'Se ha Registrado el reporte 159', '2016-07-26 23:46:37'),
(157, 'root', 'reportes', 'Registrar', 'Se ha Registrado el reporte 160', '2016-07-26 23:46:51'),
(158, 'root', 'reportes', 'Registrar', 'Se ha Registrado el reporte 161', '2016-07-26 23:47:07'),
(159, 'root', 'reportes', 'Registrar', 'Se ha Registrado el reporte 162', '2016-07-26 23:47:22'),
(160, 'root', 'reportes', 'Registrar', 'Se ha Registrado el reporte 163', '2016-07-26 23:47:41'),
(161, 'root', 'reportes', 'Registrar', 'Se ha Registrado el reporte 164', '2016-07-26 23:47:56'),
(162, 'root', 'reportes', 'Registrar', 'Se ha Registrado el reporte 165', '2016-07-26 23:48:27'),
(163, 'root', 'reportes', 'Registrar', 'Se ha Registrado el reporte 166', '2016-07-26 23:48:42'),
(164, 'root', 'reportes', 'Registrar', 'Se ha Registrado el reporte 167', '2016-07-26 23:48:58'),
(165, 'root', 'reportes', 'Registrar', 'Se ha Registrado el reporte 168', '2016-07-26 23:49:14'),
(166, 'root', 'reportes', 'Registrar', 'Se ha Registrado el reporte 169', '2016-07-26 23:49:30'),
(167, 'root', 'reportes', 'Registrar', 'Se ha Registrado el reporte 170', '2016-07-26 23:49:43'),
(168, 'root', 'reportes', 'Registrar', 'Se ha Registrado el reporte 171', '2016-07-26 23:49:59'),
(169, 'root', 'reportes', 'Registrar', 'Se ha Registrado el reporte 172', '2016-07-26 23:50:15'),
(170, 'root', 'reportes', 'Registrar', 'Se ha Registrado el reporte 173', '2016-07-26 23:50:33'),
(171, 'root', 'reportes', 'Registrar', 'Se ha Registrado el reporte 174', '2016-07-26 23:50:47'),
(172, 'root', 'reportes', 'Registrar', 'Se ha Registrado el reporte 175', '2016-07-26 23:50:59'),
(173, 'root', 'reportes', 'Registrar', 'Se ha Registrado el reporte 176', '2016-07-26 23:51:12'),
(174, 'root', 'reportes', 'Registrar', 'Se ha Registrado el reporte 177', '2016-07-26 23:51:51'),
(175, 'root', 'reportes', 'Registrar', 'Se ha Registrado el reporte 178', '2016-07-26 23:52:16'),
(176, 'root', 'reportes', 'Registrar', 'Se ha Registrado el reporte 179', '2016-07-26 23:52:42'),
(177, 'root', 'reportes', 'Registrar', 'Se ha Registrado el reporte 180', '2016-07-26 23:53:00'),
(178, 'root', 'reportes', 'Registrar', 'Se ha Registrado el reporte 181', '2016-07-26 23:53:17'),
(179, 'root', 'reportes', 'Registrar', 'Se ha Registrado el reporte 182', '2016-07-26 23:53:33'),
(180, 'root', 'reportes', 'Registrar', 'Se ha Registrado el reporte 183', '2016-07-26 23:54:23'),
(181, 'root', 'reportes', 'Registrar', 'Se ha Registrado el reporte 184', '2016-07-26 23:54:44'),
(182, 'root', 'reportes', 'Registrar', 'Se ha Registrado el reporte 185', '2016-07-26 23:55:05'),
(183, 'root', 'reportes', 'Registrar', 'Se ha Registrado el reporte 186', '2016-07-26 23:55:32'),
(184, 'root', 'reportes', 'Registrar', 'Se ha Registrado el reporte 187', '2016-07-26 23:55:58'),
(185, 'root', 'reportes', 'Registrar', 'Se ha Registrado el reporte 188', '2016-07-26 23:56:31'),
(186, 'root', 'reportes', 'Registrar', 'Se ha Registrado el reporte 189', '2016-07-26 23:56:45'),
(187, 'root', 'reportes', 'Registrar', 'Se ha Registrado el reporte 190', '2016-07-26 23:57:03'),
(188, 'root', 'reportes', 'Registrar', 'Se ha Registrado el reporte 191', '2016-07-26 23:57:16'),
(189, 'root', 'reportes', 'Registrar', 'Se ha Registrado el reporte 192', '2016-07-26 23:57:47'),
(190, 'root', 'reportes', 'Registrar', 'Se ha Registrado el reporte 193', '2016-07-26 23:58:12'),
(191, 'root', 'reportes', 'Registrar', 'Se ha Registrado el reporte 194', '2016-07-26 23:58:44'),
(192, 'root', 'reportes', 'Registrar', 'Se ha Registrado el reporte 195', '2016-07-26 23:59:06'),
(193, 'root', 'reportes', 'Registrar', 'Se ha Registrado el reporte 196', '2016-07-26 23:59:20'),
(194, 'root', 'reportes', 'Registrar', 'Se ha Registrado el reporte 197', '2016-07-26 23:59:47'),
(195, 'root', 'reportes', 'Registrar', 'Se ha Registrado el reporte 198', '2016-07-27 00:00:26'),
(196, 'root', 'reportes', 'Registrar', 'Se ha Registrado el reporte 199', '2016-07-27 00:00:40'),
(197, 'root', 'reportes', 'Registrar', 'Se ha Registrado el reporte 200', '2016-07-27 00:01:09'),
(198, 'root', 'reportes', 'Registrar', 'Se ha Registrado el reporte 201', '2016-07-27 00:01:31'),
(199, 'root', 'reportes', 'Registrar', 'Se ha Registrado el reporte 202', '2016-07-27 00:01:51'),
(200, 'root', 'reportes', 'Registrar', 'Se ha Registrado el reporte 203', '2016-07-27 00:02:08'),
(201, 'root', 'reportes', 'Registrar', 'Se ha Registrado el reporte 204', '2016-07-27 00:02:33'),
(202, 'root', 'reportes', 'Registrar', 'Se ha Registrado el reporte 205', '2016-07-27 00:03:03'),
(203, 'root', 'reportes', 'Registrar', 'Se ha Registrado el reporte 206', '2016-07-27 00:03:34'),
(204, 'root', 'reportes', 'Registrar', 'Se ha Registrado el reporte 207', '2016-07-27 00:03:59'),
(205, 'root', 'reportes', 'Registrar', 'Se ha Registrado el reporte 208', '2016-07-27 00:04:12'),
(206, 'root', 'reportes', 'Registrar', 'Se ha Registrado el reporte 209', '2016-07-27 00:04:41'),
(207, 'root', 'reportes', 'Registrar', 'Se ha Registrado el reporte 210', '2016-07-27 00:05:02'),
(208, 'root', 'reportes', 'Registrar', 'Se ha Registrado el reporte 211', '2016-07-27 00:05:24'),
(209, 'root', 'reportes', 'Registrar', 'Se ha Registrado el reporte 212', '2016-07-27 00:05:51'),
(210, 'root', 'reportes', 'Registrar', 'Se ha Registrado el reporte 213', '2016-07-27 00:06:05'),
(211, 'root', 'reportes', 'Registrar', 'Se ha Registrado el reporte 214', '2016-07-27 00:06:31'),
(212, 'root', 'reportes', 'Registrar', 'Se ha Registrado el reporte 215', '2016-07-27 00:06:50'),
(213, 'root', 'reportes', 'Registrar', 'Se ha Registrado el reporte 216', '2016-07-27 00:07:15'),
(214, 'root', 'reportes', 'Registrar', 'Se ha Registrado el reporte 217', '2016-07-27 00:07:29'),
(215, 'root', 'reportes', 'Registrar', 'Se ha Registrado el reporte 218', '2016-07-27 00:07:44'),
(216, 'root', 'reportes', 'Registrar', 'Se ha Registrado el reporte 219', '2016-07-27 00:07:56'),
(217, 'root', 'reportes', 'Registrar', 'Se ha Registrado el reporte 220', '2016-07-27 00:08:12'),
(218, 'root', 'reportes', 'Registrar', 'Se ha Registrado el reporte 221', '2016-07-27 00:08:30'),
(219, 'root', 'reportes', 'Registrar', 'Se ha Registrado el reporte 222', '2016-07-27 00:08:43'),
(220, 'root', 'reportes', 'Registrar', 'Se ha Registrado el reporte 223', '2016-07-27 00:08:57'),
(221, 'root', 'reportes', 'Registrar', 'Se ha Registrado el reporte 224', '2016-07-27 00:09:12'),
(222, 'root', 'reportes', 'Registrar', 'Se ha Registrado el reporte 225', '2016-07-27 00:09:27'),
(223, 'root', 'reportes', 'Registrar', 'Se ha Registrado el reporte 226', '2016-07-27 00:09:42'),
(224, 'root', 'reportes', 'Registrar', 'Se ha Registrado el reporte 227', '2016-07-27 00:09:57'),
(225, 'root', 'reportes', 'Registrar', 'Se ha Registrado el reporte 228', '2016-07-27 00:10:33'),
(226, 'root', 'reportes', 'Registrar', 'Se ha Registrado el reporte 229', '2016-07-27 00:10:48'),
(227, 'root', 'reportes', 'Registrar', 'Se ha Registrado el reporte 230', '2016-07-27 00:11:08'),
(228, 'root', 'reportes', 'Registrar', 'Se ha Registrado el reporte 231', '2016-07-27 00:11:48'),
(229, 'root', 'reportes', 'Registrar', 'Se ha Registrado el reporte 232', '2016-07-27 00:12:03'),
(230, 'root', 'reportes', 'Registrar', 'Se ha Registrado el reporte 233', '2016-07-27 00:12:37'),
(231, 'root', 'reportes', 'Registrar', 'Se ha Registrado el reporte 234', '2016-07-27 00:12:55'),
(232, 'root', 'reportes', 'Registrar', 'Se ha Registrado el reporte 235', '2016-07-27 00:13:31'),
(233, 'root', 'reportes', 'Registrar', 'Se ha Registrado el reporte 236', '2016-07-27 00:13:47'),
(234, 'root', 'reportes', 'Registrar', 'Se ha Registrado el reporte 237', '2016-07-27 00:14:01'),
(235, 'root', 'reportes', 'Registrar', 'Se ha Registrado el reporte 238', '2016-07-27 00:14:13'),
(236, 'root', 'reportes', 'Registrar', 'Se ha Registrado el reporte 239', '2016-07-27 00:14:27'),
(237, 'root', 'reportes', 'Registrar', 'Se ha Registrado el reporte 240', '2016-07-27 00:14:42'),
(238, 'root', 'usuarios', 'Registrado', 'El usuario fhernandez se registro', '2016-07-27 13:43:53'),
(239, 'root', 'reportes', 'Registrar', 'Se ha Registrado el reporte 241', '2016-07-27 16:12:18'),
(240, 'root', 'productos', 'Registrar', 'Se ha Registrado el producto ARROZ BLANCO CHIRICA', '2016-07-28 19:13:22'),
(241, 'root', 'producto_planta', 'Asociar', 'Se asocio un producto a una planta', '2016-07-28 19:13:45'),
(242, 'root', 'reportes', 'Registrar', 'Se ha Registrado el reporte 242', '2016-07-28 19:17:14'),
(243, 'root', 'reportes', 'Eliminar', 'Se ha eliminado el reporte 241', '2016-07-28 19:18:16'),
(244, 'root', 'reportes', 'Registrar', 'Se ha Registrado el reporte 243', '2016-07-28 19:25:47'),
(245, 'root', 'reportes', 'Registrar', 'Se ha Registrado el reporte 244', '2016-07-28 19:26:15'),
(246, 'root', 'reportes', 'Registrar', 'Se ha Registrado el reporte 245', '2016-07-28 19:26:34'),
(247, 'root', 'reportes', 'Registrar', 'Se ha Registrado el reporte 246', '2016-07-28 19:26:48'),
(248, 'root', 'reportes', 'Registrar', 'Se ha Registrado el reporte 247', '2016-07-28 19:27:12'),
(249, 'root', 'reportes', 'Registrar', 'Se ha Registrado el reporte 248', '2016-07-28 19:27:25'),
(250, 'root', 'reportes', 'Registrar', 'Se ha Registrado el reporte 249', '2016-07-28 19:27:38'),
(251, 'root', 'reportes', 'Registrar', 'Se ha Registrado el reporte 250', '2016-07-28 19:27:51'),
(252, 'root', 'reportes', 'Registrar', 'Se ha Registrado el reporte 251', '2016-07-28 19:28:44'),
(253, 'root', 'reportes', 'Registrar', 'Se ha Registrado el reporte 252', '2016-07-28 19:29:06'),
(254, 'root', 'reportes', 'Registrar', 'Se ha Registrado el reporte 253', '2016-07-28 19:29:28'),
(255, 'root', 'reportes', 'Registrar', 'Se ha Registrado el reporte 254', '2016-07-28 19:29:48'),
(256, 'root', 'reportes', 'Registrar', 'Se ha Registrado el reporte 255', '2016-07-28 19:30:19'),
(257, 'root', 'reportes', 'Registrar', 'Se ha Registrado el reporte 256', '2016-07-28 19:30:47'),
(258, 'root', 'reportes', 'Registrar', 'Se ha Registrado el reporte 257', '2016-07-28 19:31:06'),
(259, 'root', 'reportes', 'Registrar', 'Se ha Registrado el reporte 258', '2016-07-28 19:31:32'),
(260, 'root', 'reportes', 'Registrar', 'Se ha Registrado el reporte 259', '2016-07-28 19:31:51'),
(261, 'root', 'reportes', 'Registrar', 'Se ha Registrado el reporte 260', '2016-07-28 19:32:24'),
(262, 'root', 'reportes', 'Registrar', 'Se ha Registrado el reporte 261', '2016-07-28 19:32:41'),
(263, 'root', 'reportes', 'Registrar', 'Se ha Registrado el reporte 262', '2016-07-28 19:32:56'),
(264, 'root', 'reportes', 'Registrar', 'Se ha Registrado el reporte 263', '2016-07-28 19:33:11'),
(265, 'root', 'reportes', 'Registrar', 'Se ha Registrado el reporte 264', '2016-07-28 19:33:25'),
(266, 'root', 'reportes', 'Registrar', 'Se ha Registrado el reporte 265', '2016-07-28 19:33:40'),
(267, 'root', 'reportes', 'Registrar', 'Se ha Registrado el reporte 266', '2016-07-28 19:33:51'),
(268, 'root', 'reportes', 'Registrar', 'Se ha Registrado el reporte 267', '2016-07-28 19:34:14'),
(269, 'root', 'reportes', 'Registrar', 'Se ha Registrado el reporte 268', '2016-07-28 19:34:27'),
(270, 'root', 'reportes', 'Registrar', 'Se ha Registrado el reporte 269', '2016-07-28 19:34:44'),
(271, 'root', 'reportes', 'Registrar', 'Se ha Registrado el reporte 270', '2016-07-28 19:34:57'),
(272, 'root', 'reportes', 'Registrar', 'Se ha Registrado el reporte 271', '2016-07-28 19:35:12'),
(273, 'root', 'reportes', 'Registrar', 'Se ha Registrado el reporte 272', '2016-07-28 19:35:25'),
(274, 'root', 'productos', 'Modificado', 'Se ha modificado el producto ARROZ INTEGRAL CHIRICA', '2016-07-28 19:36:55'),
(275, 'root', 'reportes', 'Registrar', 'Se ha Registrado el reporte 273', '2016-07-28 19:37:40'),
(276, 'root', 'reportes', 'Registrar', 'Se ha Registrado el reporte 274', '2016-07-28 19:38:02'),
(277, 'root', 'reportes', 'Registrar', 'Se ha Registrado el reporte 275', '2016-07-28 19:38:33'),
(278, 'root', 'reportes', 'Registrar', 'Se ha Registrado el reporte 276', '2016-07-28 19:38:51'),
(279, 'root', 'reportes', 'Registrar', 'Se ha Registrado el reporte 277', '2016-07-28 19:39:12'),
(280, 'root', 'reportes', 'Registrar', 'Se ha Registrado el reporte 278', '2016-07-28 19:39:36'),
(281, 'root', 'reportes', 'Registrar', 'Se ha Registrado el reporte 279', '2016-07-28 19:40:03'),
(282, 'root', 'reportes', 'Registrar', 'Se ha Registrado el reporte 280', '2016-07-28 19:40:29'),
(283, 'root', 'reportes', 'Registrar', 'Se ha Registrado el reporte 281', '2016-07-28 19:41:01'),
(284, 'root', 'reportes', 'Registrar', 'Se ha Registrado el reporte 282', '2016-07-28 19:41:30'),
(285, 'root', 'reportes', 'Registrar', 'Se ha Registrado el reporte 283', '2016-07-28 19:41:54'),
(286, 'root', 'reportes', 'Registrar', 'Se ha Registrado el reporte 284', '2016-07-28 19:42:11'),
(287, 'root', 'reportes', 'Registrar', 'Se ha Registrado el reporte 285', '2016-07-28 19:42:38'),
(288, 'root', 'reportes', 'Registrar', 'Se ha Registrado el reporte 286', '2016-07-28 19:42:50'),
(289, 'root', 'reportes', 'Registrar', 'Se ha Registrado el reporte 287', '2016-07-28 19:43:04'),
(290, 'root', 'reportes', 'Registrar', 'Se ha Registrado el reporte 288', '2016-07-28 19:43:15'),
(291, 'root', 'reportes', 'Registrar', 'Se ha Registrado el reporte 289', '2016-07-28 19:43:27'),
(292, 'root', 'reportes', 'Registrar', 'Se ha Registrado el reporte 290', '2016-07-28 19:43:39'),
(293, 'root', 'reportes', 'Registrar', 'Se ha Registrado el reporte 291', '2016-07-28 19:43:54'),
(294, 'root', 'reportes', 'Registrar', 'Se ha Registrado el reporte 292', '2016-07-28 19:44:07'),
(295, 'root', 'reportes', 'Registrar', 'Se ha Registrado el reporte 293', '2016-07-28 19:44:22'),
(296, 'root', 'reportes', 'Registrar', 'Se ha Registrado el reporte 294', '2016-07-28 19:44:34'),
(297, 'root', 'reportes', 'Registrar', 'Se ha Registrado el reporte 295', '2016-07-28 19:44:45'),
(298, 'root', 'reportes', 'Registrar', 'Se ha Registrado el reporte 296', '2016-07-28 19:44:58'),
(299, 'root', 'reportes', 'Registrar', 'Se ha Registrado el reporte 297', '2016-07-28 19:45:34'),
(300, 'root', 'reportes', 'Registrar', 'Se ha Registrado el reporte 298', '2016-07-28 19:45:46'),
(301, 'root', 'reportes', 'Registrar', 'Se ha Registrado el reporte 299', '2016-07-28 19:45:59'),
(302, 'root', 'reportes', 'Registrar', 'Se ha Registrado el reporte 300', '2016-07-28 19:46:10'),
(303, 'root', 'reportes', 'Registrar', 'Se ha Registrado el reporte 301', '2016-07-28 19:46:25'),
(304, 'root', 'reportes', 'Registrar', 'Se ha Registrado el reporte 302', '2016-07-28 19:46:45'),
(305, 'root', 'reportes', 'Registrar', 'Se ha Registrado el reporte 303', '2016-07-28 19:47:02'),
(306, 'root', 'reportes', 'Registrar', 'Se ha Registrado el reporte 304', '2016-07-28 20:05:50'),
(307, 'root', 'reportes', 'Registrar', 'Se ha Registrado el reporte 305', '2016-07-28 20:06:22'),
(308, 'root', 'reportes', 'Registrar', 'Se ha Registrado el reporte 306', '2016-07-28 20:10:30'),
(309, 'root', 'productos', 'Registrar', 'Se ha Registrado el producto FRIJOL CHIRICA', '2016-07-28 20:12:00'),
(310, 'root', 'reportes', 'Registrar', 'Se ha Registrado el reporte 307', '2016-07-28 20:12:40'),
(311, 'root', 'reportes', 'Registrar', 'Se ha Registrado el reporte 308', '2016-07-28 20:13:07'),
(312, 'root', 'reportes', 'Registrar', 'Se ha Registrado el reporte 309', '2016-07-28 20:13:27'),
(313, 'root', 'reportes', 'Registrar', 'Se ha Registrado el reporte 310', '2016-07-28 20:13:50'),
(314, 'root', 'reportes', 'Registrar', 'Se ha Registrado el reporte 311', '2016-07-28 20:14:06'),
(315, 'root', 'reportes', 'Registrar', 'Se ha Registrado el reporte 312', '2016-07-28 20:14:25'),
(316, 'root', 'reportes', 'Registrar', 'Se ha Registrado el reporte 313', '2016-07-28 20:14:41'),
(317, 'root', 'reportes', 'Registrar', 'Se ha Registrado el reporte 314', '2016-07-28 20:15:05'),
(318, 'root', 'reportes', 'Registrar', 'Se ha Registrado el reporte 315', '2016-07-28 20:15:15'),
(319, 'root', 'reportes', 'Registrar', 'Se ha Registrado el reporte 316', '2016-07-28 20:15:44'),
(320, 'root', 'reportes', 'Registrar', 'Se ha Registrado el reporte 317', '2016-07-28 20:15:58'),
(321, 'root', 'reportes', 'Registrar', 'Se ha Registrado el reporte 318', '2016-07-28 20:16:48'),
(322, 'root', 'reportes', 'Registrar', 'Se ha Registrado el reporte 319', '2016-07-28 20:17:06'),
(323, 'root', 'reportes', 'Registrar', 'Se ha Registrado el reporte 320', '2016-07-28 20:17:39'),
(324, 'root', 'reportes', 'Registrar', 'Se ha Registrado el reporte 321', '2016-07-28 20:17:50'),
(325, 'root', 'reportes', 'Registrar', 'Se ha Registrado el reporte 322', '2016-07-28 20:18:14'),
(326, 'root', 'reportes', 'Registrar', 'Se ha Registrado el reporte 323', '2016-07-28 20:18:45'),
(327, 'root', 'reportes', 'Registrar', 'Se ha Registrado el reporte 324', '2016-07-28 20:19:03'),
(328, 'root', 'reportes', 'Registrar', 'Se ha Registrado el reporte 325', '2016-07-28 20:19:21'),
(329, 'root', 'reportes', 'Registrar', 'Se ha Registrado el reporte 326', '2016-07-28 20:19:37'),
(330, 'root', 'reportes', 'Registrar', 'Se ha Registrado el reporte 327', '2016-07-28 20:20:17'),
(331, 'root', 'reportes', 'Registrar', 'Se ha Registrado el reporte 328', '2016-07-28 20:20:46'),
(332, 'root', 'reportes', 'Registrar', 'Se ha Registrado el reporte 329', '2016-07-28 20:21:11'),
(333, 'root', 'reportes', 'Registrar', 'Se ha Registrado el reporte 330', '2016-07-28 20:21:23'),
(334, 'root', 'reportes', 'Registrar', 'Se ha Registrado el reporte 331', '2016-07-28 20:22:10'),
(335, 'root', 'reportes', 'Registrar', 'Se ha Registrado el reporte 332', '2016-07-28 20:22:24'),
(336, 'root', 'reportes', 'Registrar', 'Se ha Registrado el reporte 333', '2016-07-28 20:22:42'),
(337, 'root', 'reportes', 'Registrar', 'Se ha Registrado el reporte 334', '2016-07-28 20:22:53'),
(338, 'root', 'reportes', 'Registrar', 'Se ha Registrado el reporte 335', '2016-07-28 20:23:19'),
(339, 'root', 'reportes', 'Registrar', 'Se ha Registrado el reporte 336', '2016-07-28 20:23:54'),
(340, 'root', 'reportes', 'Registrar', 'Se ha Registrado el reporte 337', '2016-07-28 20:24:20'),
(341, 'root', 'reportes', 'Registrar', 'Se ha Registrado el reporte 338', '2016-07-28 20:24:34'),
(342, 'root', 'reportes', 'Registrar', 'Se ha Registrado el reporte 339', '2016-07-28 20:25:01'),
(343, 'root', 'reportes', 'Registrar', 'Se ha Registrado el reporte 340', '2016-07-28 20:25:15'),
(344, 'root', 'reportes', 'Registrar', 'Se ha Registrado el reporte 341', '2016-07-28 20:25:28'),
(345, 'root', 'reportes', 'Registrar', 'Se ha Registrado el reporte 342', '2016-07-28 20:25:51'),
(346, 'root', 'reportes', 'Registrar', 'Se ha Registrado el reporte 343', '2016-07-28 20:26:18'),
(347, 'root', 'reportes', 'Registrar', 'Se ha Registrado el reporte 344', '2016-07-28 20:26:30'),
(348, 'root', 'reportes', 'Registrar', 'Se ha Registrado el reporte 345', '2016-07-28 20:26:41'),
(349, 'root', 'reportes', 'Registrar', 'Se ha Registrado el reporte 346', '2016-07-28 20:26:52'),
(350, 'root', 'reportes', 'Registrar', 'Se ha Registrado el reporte 347', '2016-07-28 20:27:15'),
(351, 'root', 'reportes', 'Registrar', 'Se ha Registrado el reporte 348', '2016-07-28 20:27:53'),
(352, 'root', 'reportes', 'Registrar', 'Se ha Registrado el reporte 349', '2016-07-28 20:28:10'),
(353, 'root', 'reportes', 'Registrar', 'Se ha Registrado el reporte 350', '2016-07-28 20:28:20'),
(354, 'root', 'reportes', 'Registrar', 'Se ha Registrado el reporte 351', '2016-07-28 20:28:43'),
(355, 'root', 'reportes', 'Registrar', 'Se ha Registrado el reporte 352', '2016-07-28 20:29:04'),
(356, 'root', 'reportes', 'Registrar', 'Se ha Registrado el reporte 353', '2016-07-28 20:29:25'),
(357, 'root', 'reportes', 'Registrar', 'Se ha Registrado el reporte 354', '2016-07-28 20:29:35'),
(358, 'root', 'reportes', 'Registrar', 'Se ha Registrado el reporte 355', '2016-07-28 20:30:01'),
(359, 'root', 'reportes', 'Registrar', 'Se ha Registrado el reporte 356', '2016-07-28 20:30:52'),
(360, 'root', 'reportes', 'Registrar', 'Se ha Registrado el reporte 357', '2016-07-28 20:31:18'),
(361, 'root', 'reportes', 'Registrar', 'Se ha Registrado el reporte 358', '2016-07-28 20:31:31'),
(362, 'root', 'reportes', 'Registrar', 'Se ha Registrado el reporte 359', '2016-07-28 20:31:56'),
(363, 'root', 'reportes', 'Registrar', 'Se ha Registrado el reporte 360', '2016-07-28 20:32:28'),
(364, 'root', 'reportes', 'Eliminar', 'Se ha eliminado el reporte 360', '2016-07-28 20:33:25'),
(365, 'root', 'reportes', 'Registrar', 'Se ha Registrado el reporte 361', '2016-07-28 20:33:49'),
(366, 'root', 'reportes', 'Registrar', 'Se ha Registrado el reporte 362', '2016-07-28 20:34:05'),
(367, 'root', 'reportes', 'Registrar', 'Se ha Registrado el reporte 363', '2016-07-28 20:34:21'),
(368, 'root', 'reportes', 'Registrar', 'Se ha Registrado el reporte 364', '2016-07-28 20:35:10'),
(369, 'root', 'reportes', 'Registrar', 'Se ha Registrado el reporte 365', '2016-07-28 20:35:20'),
(370, 'root', 'reportes', 'Registrar', 'Se ha Registrado el reporte 366', '2016-07-28 20:35:29'),
(371, 'root', 'reportes', 'Registrar', 'Se ha Registrado el reporte 367', '2016-07-28 20:35:41'),
(372, 'root', 'reportes', 'Registrar', 'Se ha Registrado el reporte 368', '2016-07-28 20:36:08'),
(373, 'root', 'reportes', 'Registrar', 'Se ha Registrado el reporte 369', '2016-07-28 20:36:20'),
(374, 'root', 'reportes', 'Registrar', 'Se ha Registrado el reporte 370', '2016-07-28 20:36:48'),
(375, 'root', 'reportes', 'Registrar', 'Se ha Registrado el reporte 371', '2016-07-28 20:38:00'),
(376, 'root', 'reportes', 'Registrar', 'Se ha Registrado el reporte 372', '2016-07-28 20:38:29'),
(377, 'root', 'reportes', 'Registrar', 'Se ha Registrado el reporte 373', '2016-07-28 20:38:38'),
(378, 'root', 'reportes', 'Registrar', 'Se ha Registrado el reporte 374', '2016-07-28 20:39:00'),
(379, 'root', 'reportes', 'Registrar', 'Se ha Registrado el reporte 375', '2016-07-28 20:39:14'),
(380, 'root', 'reportes', 'Registrar', 'Se ha Registrado el reporte 376', '2016-07-28 20:39:34'),
(381, 'root', 'reportes', 'Registrar', 'Se ha Registrado el reporte 377', '2016-07-28 20:39:54'),
(382, 'root', 'reportes', 'Registrar', 'Se ha Registrado el reporte 378', '2016-07-28 20:40:16'),
(383, 'root', 'reportes', 'Registrar', 'Se ha Registrado el reporte 379', '2016-07-28 20:40:25'),
(384, 'root', 'reportes', 'Registrar', 'Se ha Registrado el reporte 380', '2016-07-28 20:40:47'),
(385, 'root', 'reportes', 'Registrar', 'Se ha Registrado el reporte 381', '2016-07-28 20:41:01'),
(386, 'root', 'reportes', 'Registrar', 'Se ha Registrado el reporte 382', '2016-07-28 20:41:24'),
(387, 'root', 'reportes', 'Registrar', 'Se ha Registrado el reporte 383', '2016-07-28 20:41:51'),
(388, 'root', 'reportes', 'Registrar', 'Se ha Registrado el reporte 384', '2016-07-28 20:42:30'),
(389, 'root', 'reportes', 'Registrar', 'Se ha Registrado el reporte 385', '2016-07-28 20:43:39'),
(390, 'root', 'reportes', 'Registrar', 'Se ha Registrado el reporte 386', '2016-07-28 20:43:57'),
(391, 'root', 'reportes', 'Registrar', 'Se ha Registrado el reporte 387', '2016-07-28 20:44:09'),
(392, 'root', 'reportes', 'Registrar', 'Se ha Registrado el reporte 388', '2016-07-28 20:44:32'),
(393, 'root', 'reportes', 'Registrar', 'Se ha Registrado el reporte 389', '2016-07-28 20:44:55'),
(394, 'root', 'reportes', 'Registrar', 'Se ha Registrado el reporte 390', '2016-07-28 20:45:26'),
(395, 'root', 'reportes', 'Registrar', 'Se ha Registrado el reporte 391', '2016-07-28 20:45:41'),
(396, 'root', 'reportes', 'Registrar', 'Se ha Registrado el reporte 392', '2016-07-28 20:46:03'),
(397, 'root', 'reportes', 'Registrar', 'Se ha Registrado el reporte 393', '2016-07-28 20:46:18'),
(398, 'root', 'reportes', 'Registrar', 'Se ha Registrado el reporte 394', '2016-07-28 20:46:31'),
(399, 'root', 'reportes', 'Registrar', 'Se ha Registrado el reporte 395', '2016-07-28 20:47:26'),
(400, 'root', 'reportes', 'Registrar', 'Se ha Registrado el reporte 396', '2016-07-28 20:47:44'),
(401, 'root', 'reportes', 'Registrar', 'Se ha Registrado el reporte 397', '2016-07-28 20:47:57'),
(402, 'root', 'reportes', 'Registrar', 'Se ha Registrado el reporte 398', '2016-07-28 20:48:10'),
(403, 'root', 'reportes', 'Registrar', 'Se ha Registrado el reporte 399', '2016-07-28 20:48:23'),
(404, 'root', 'reportes', 'Registrar', 'Se ha Registrado el reporte 400', '2016-07-28 20:48:49'),
(405, 'root', 'reportes', 'Registrar', 'Se ha Registrado el reporte 401', '2016-07-28 20:49:08'),
(406, 'root', 'reportes', 'Registrar', 'Se ha Registrado el reporte 402', '2016-07-28 20:49:21'),
(407, 'root', 'reportes', 'Registrar', 'Se ha Registrado el reporte 403', '2016-07-28 20:49:32'),
(408, 'root', 'reportes', 'Registrar', 'Se ha Registrado el reporte 404', '2016-07-28 20:50:32'),
(409, 'root', 'reportes', 'Registrar', 'Se ha Registrado el reporte 405', '2016-07-28 20:50:51'),
(410, 'root', 'reportes', 'Registrar', 'Se ha Registrado el reporte 406', '2016-07-28 20:51:07'),
(411, 'root', 'reportes', 'Registrar', 'Se ha Registrado el reporte 407', '2016-07-28 20:51:28'),
(412, 'root', 'reportes', 'Registrar', 'Se ha Registrado el reporte 408', '2016-07-28 20:51:55'),
(413, 'root', 'reportes', 'Registrar', 'Se ha Registrado el reporte 409', '2016-07-28 20:52:20'),
(414, 'root', 'reportes', 'Registrar', 'Se ha Registrado el reporte 410', '2016-07-28 20:52:41'),
(415, 'root', 'reportes', 'Registrar', 'Se ha Registrado el reporte 411', '2016-07-28 20:53:05'),
(416, 'root', 'reportes', 'Registrar', 'Se ha Registrado el reporte 412', '2016-07-28 20:53:24'),
(417, 'root', 'reportes', 'Registrar', 'Se ha Registrado el reporte 413', '2016-07-28 20:53:41'),
(418, 'root', 'reportes', 'Registrar', 'Se ha Registrado el reporte 414', '2016-07-28 20:54:04'),
(419, 'root', 'reportes', 'Registrar', 'Se ha Registrado el reporte 415', '2016-07-28 20:54:14'),
(420, 'root', 'reportes', 'Registrar', 'Se ha Registrado el reporte 416', '2016-07-28 20:54:55'),
(421, 'root', 'reportes', 'Registrar', 'Se ha Registrado el reporte 417', '2016-07-28 20:55:09'),
(422, 'root', 'reportes', 'Registrar', 'Se ha Registrado el reporte 418', '2016-07-28 20:55:30'),
(423, 'root', 'reportes', 'Registrar', 'Se ha Registrado el reporte 419', '2016-07-28 20:55:46'),
(424, 'root', 'reportes', 'Registrar', 'Se ha Registrado el reporte 420', '2016-07-28 20:56:02'),
(425, 'root', 'reportes', 'Registrar', 'Se ha Registrado el reporte 421', '2016-07-28 20:56:12'),
(426, 'root', 'reportes', 'Registrar', 'Se ha Registrado el reporte 422', '2016-07-28 20:56:22'),
(427, 'root', 'reportes', 'Registrar', 'Se ha Registrado el reporte 423', '2016-07-28 20:56:35'),
(428, 'root', 'productos', 'Modificado', 'Se ha modificado el producto CARAOTA NEGRA CHIRICA', '2016-07-28 21:03:42'),
(429, 'root', 'productos', 'Registrar', 'Se ha Registrado el producto CARAOTA BLANCA CHIRICA', '2016-07-28 21:04:01'),
(430, 'root', 'productos', 'Registrar', 'Se ha Registrado el producto FRIJOL BLANCO', '2016-07-28 21:04:19'),
(431, 'root', 'productos', 'Registrar', 'Se ha Registrado el producto FRIJOL BAYO', '2016-07-28 21:04:49'),
(432, 'root', 'producto_planta', 'Asociar', 'Se asocio un producto a una planta', '2016-07-28 21:05:10'),
(433, 'root', 'producto_planta', 'Asociar', 'Se asocio un producto a una planta', '2016-07-28 21:05:27'),
(434, 'root', 'producto_planta', 'Asociar', 'Se asocio un producto a una planta', '2016-07-28 21:05:36'),
(435, 'root', 'reportes', 'Registrar', 'Se ha Registrado el reporte 424', '2016-07-28 21:06:23'),
(436, 'root', 'reportes', 'Registrar', 'Se ha Registrado el reporte 425', '2016-07-28 21:06:37'),
(437, 'root', 'reportes', 'Registrar', 'Se ha Registrado el reporte 426', '2016-07-28 21:06:55'),
(438, 'root', 'reportes', 'Registrar', 'Se ha Registrado el reporte 427', '2016-07-28 21:07:15'),
(439, 'root', 'reportes', 'Registrar', 'Se ha Registrado el reporte 428', '2016-07-28 21:07:40'),
(440, 'root', 'reportes', 'Registrar', 'Se ha Registrado el reporte 429', '2016-07-28 21:07:52'),
(441, 'root', 'reportes', 'Registrar', 'Se ha Registrado el reporte 430', '2016-07-28 21:09:07'),
(442, 'root', 'reportes', 'Registrar', 'Se ha Registrado el reporte 431', '2016-07-28 21:09:26'),
(443, 'root', 'reportes', 'Registrar', 'Se ha Registrado el reporte 432', '2016-07-28 21:09:42'),
(444, 'root', 'reportes', 'Registrar', 'Se ha Registrado el reporte 433', '2016-07-28 21:09:59'),
(445, 'root', 'reportes', 'Registrar', 'Se ha Registrado el reporte 434', '2016-07-28 21:10:12'),
(446, 'root', 'reportes', 'Registrar', 'Se ha Registrado el reporte 435', '2016-07-28 21:10:32'),
(447, 'root', 'reportes', 'Registrar', 'Se ha Registrado el reporte 436', '2016-07-28 21:11:07'),
(448, 'root', 'reportes', 'Registrar', 'Se ha Registrado el reporte 437', '2016-07-28 21:11:19'),
(449, 'root', 'reportes', 'Registrar', 'Se ha Registrado el reporte 438', '2016-07-28 21:11:31'),
(450, 'root', 'reportes', 'Registrar', 'Se ha Registrado el reporte 439', '2016-07-28 21:11:44'),
(451, 'root', 'reportes', 'Registrar', 'Se ha Registrado el reporte 440', '2016-07-28 21:11:57'),
(452, 'root', 'reportes', 'Registrar', 'Se ha Registrado el reporte 441', '2016-07-28 21:12:13'),
(453, 'root', 'reportes', 'Registrar', 'Se ha Registrado el reporte 442', '2016-07-28 21:12:56'),
(454, 'root', 'reportes', 'Registrar', 'Se ha Registrado el reporte 443', '2016-07-28 21:13:16'),
(455, 'root', 'reportes', 'Registrar', 'Se ha Registrado el reporte 444', '2016-07-28 21:13:32'),
(456, 'root', 'reportes', 'Registrar', 'Se ha Registrado el reporte 445', '2016-07-28 21:13:45'),
(457, 'root', 'reportes', 'Registrar', 'Se ha Registrado el reporte 446', '2016-07-28 21:14:03'),
(458, 'root', 'reportes', 'Eliminar', 'Se ha eliminado el reporte 446', '2016-07-28 21:14:22'),
(459, 'root', 'reportes', 'Registrar', 'Se ha Registrado el reporte 447', '2016-07-28 21:14:40'),
(460, 'root', 'reportes', 'Registrar', 'Se ha Registrado el reporte 448', '2016-07-28 21:14:52'),
(461, 'root', 'reportes', 'Registrar', 'Se ha Registrado el reporte 449', '2016-07-28 21:15:28'),
(462, 'root', 'reportes', 'Registrar', 'Se ha Registrado el reporte 450', '2016-07-28 21:15:46'),
(463, 'root', 'reportes', 'Registrar', 'Se ha Registrado el reporte 451', '2016-07-28 21:16:16'),
(464, 'root', 'reportes', 'Registrar', 'Se ha Registrado el reporte 452', '2016-07-28 21:16:30'),
(465, 'root', 'reportes', 'Registrar', 'Se ha Registrado el reporte 453', '2016-07-28 21:16:42'),
(466, 'root', 'reportes', 'Registrar', 'Se ha Registrado el reporte 454', '2016-07-28 21:16:57'),
(467, 'root', 'reportes', 'Registrar', 'Se ha Registrado el reporte 455', '2016-07-28 21:17:28'),
(468, 'root', 'reportes', 'Registrar', 'Se ha Registrado el reporte 456', '2016-07-28 21:17:38'),
(469, 'root', 'reportes', 'Registrar', 'Se ha Registrado el reporte 457', '2016-07-28 21:17:54'),
(470, 'root', 'reportes', 'Eliminar', 'Se ha eliminado el reporte 457', '2016-07-28 21:18:11'),
(471, 'root', 'reportes', 'Registrar', 'Se ha Registrado el reporte 458', '2016-07-28 21:18:23'),
(472, 'root', 'reportes', 'Registrar', 'Se ha Registrado el reporte 459', '2016-07-28 21:18:37'),
(473, 'root', 'reportes', 'Registrar', 'Se ha Registrado el reporte 460', '2016-07-28 21:18:47'),
(474, 'root', 'reportes', 'Registrar', 'Se ha Registrado el reporte 461', '2016-07-28 21:19:00'),
(475, 'root', 'reportes', 'Registrar', 'Se ha Registrado el reporte 462', '2016-07-28 21:19:41'),
(476, 'root', 'reportes', 'Registrar', 'Se ha Registrado el reporte 463', '2016-07-28 21:19:57'),
(477, 'root', 'reportes', 'Registrar', 'Se ha Registrado el reporte 464', '2016-07-28 21:21:10'),
(478, 'root', 'reportes', 'Registrar', 'Se ha Registrado el reporte 465', '2016-07-28 21:21:34'),
(479, 'root', 'reportes', 'Registrar', 'Se ha Registrado el reporte 466', '2016-07-28 21:22:01'),
(480, 'root', 'reportes', 'Registrar', 'Se ha Registrado el reporte 467', '2016-07-28 21:22:33'),
(481, 'root', 'reportes', 'Registrar', 'Se ha Registrado el reporte 468', '2016-07-28 21:28:00'),
(482, 'root', 'reportes', 'Registrar', 'Se ha Registrado el reporte 469', '2016-07-28 21:28:11'),
(483, 'root', 'reportes', 'Registrar', 'Se ha Registrado el reporte 470', '2016-07-28 21:28:22'),
(484, 'root', 'reportes', 'Registrar', 'Se ha Registrado el reporte 471', '2016-07-28 21:28:35'),
(485, 'root', 'reportes', 'Registrar', 'Se ha Registrado el reporte 472', '2016-07-28 21:28:48'),
(486, 'root', 'reportes', 'Registrar', 'Se ha Registrado el reporte 473', '2016-07-28 21:29:01'),
(487, 'root', 'reportes', 'Registrar', 'Se ha Registrado el reporte 474', '2016-07-28 21:30:05'),
(488, 'root', 'reportes', 'Registrar', 'Se ha Registrado el reporte 475', '2016-07-28 21:30:17'),
(489, 'root', 'reportes', 'Registrar', 'Se ha Registrado el reporte 476', '2016-07-28 21:30:30'),
(490, 'root', 'reportes', 'Registrar', 'Se ha Registrado el reporte 477', '2016-07-28 21:30:45'),
(491, 'root', 'reportes', 'Registrar', 'Se ha Registrado el reporte 478', '2016-07-28 21:31:04'),
(492, 'root', 'reportes', 'Registrar', 'Se ha Registrado el reporte 479', '2016-07-28 21:31:13'),
(493, 'root', 'reportes', 'Registrar', 'Se ha Registrado el reporte 480', '2016-07-28 21:31:39'),
(494, 'root', 'reportes', 'Registrar', 'Se ha Registrado el reporte 481', '2016-07-28 21:31:48'),
(495, 'root', 'reportes', 'Registrar', 'Se ha Registrado el reporte 482', '2016-07-28 21:31:59'),
(496, 'root', 'reportes', 'Registrar', 'Se ha Registrado el reporte 483', '2016-07-28 21:32:09'),
(497, 'root', 'reportes', 'Registrar', 'Se ha Registrado el reporte 484', '2016-07-28 21:32:24'),
(498, 'root', 'reportes', 'Registrar', 'Se ha Registrado el reporte 485', '2016-07-28 21:32:55'),
(499, 'root', 'reportes', 'Registrar', 'Se ha Registrado el reporte 486', '2016-07-28 21:33:28'),
(500, 'root', 'reportes', 'Registrar', 'Se ha Registrado el reporte 487', '2016-07-28 21:33:37'),
(501, 'root', 'reportes', 'Registrar', 'Se ha Registrado el reporte 488', '2016-07-28 21:33:50'),
(502, 'root', 'reportes', 'Registrar', 'Se ha Registrado el reporte 489', '2016-07-28 21:34:00'),
(503, 'root', 'reportes', 'Registrar', 'Se ha Registrado el reporte 490', '2016-07-28 21:34:09'),
(504, 'root', 'reportes', 'Registrar', 'Se ha Registrado el reporte 491', '2016-07-28 21:34:40'),
(505, 'root', 'reportes', 'Registrar', 'Se ha Registrado el reporte 492', '2016-07-28 21:35:04'),
(506, 'root', 'reportes', 'Registrar', 'Se ha Registrado el reporte 493', '2016-07-28 21:35:16'),
(507, 'root', 'reportes', 'Registrar', 'Se ha Registrado el reporte 494', '2016-07-28 21:35:30'),
(508, 'root', 'reportes', 'Registrar', 'Se ha Registrado el reporte 495', '2016-07-28 21:36:13'),
(509, 'root', 'reportes', 'Registrar', 'Se ha Registrado el reporte 496', '2016-07-28 21:36:24'),
(510, 'root', 'reportes', 'Registrar', 'Se ha Registrado el reporte 497', '2016-07-28 21:36:34'),
(511, 'root', 'reportes', 'Registrar', 'Se ha Registrado el reporte 498', '2016-07-28 21:36:56'),
(512, 'root', 'reportes', 'Registrar', 'Se ha Registrado el reporte 499', '2016-07-28 21:37:05'),
(513, 'root', 'reportes', 'Registrar', 'Se ha Registrado el reporte 500', '2016-07-28 21:37:26'),
(514, 'root', 'reportes', 'Registrar', 'Se ha Registrado el reporte 501', '2016-07-28 21:37:35'),
(515, 'root', 'reportes', 'Registrar', 'Se ha Registrado el reporte 502', '2016-07-28 21:38:07'),
(516, 'root', 'reportes', 'Registrar', 'Se ha Registrado el reporte 503', '2016-07-28 21:38:16'),
(517, 'root', 'reportes', 'Registrar', 'Se ha Registrado el reporte 504', '2016-07-28 21:38:37'),
(518, 'root', 'reportes', 'Registrar', 'Se ha Registrado el reporte 505', '2016-07-28 21:38:51'),
(519, 'root', 'reportes', 'Registrar', 'Se ha Registrado el reporte 506', '2016-07-28 21:39:11'),
(520, 'root', 'reportes', 'Registrar', 'Se ha Registrado el reporte 507', '2016-07-28 21:39:22'),
(521, 'root', 'reportes', 'Registrar', 'Se ha Registrado el reporte 508', '2016-07-28 21:39:40'),
(522, 'root', 'reportes', 'Registrar', 'Se ha Registrado el reporte 509', '2016-07-28 21:39:55'),
(523, 'root', 'reportes', 'Registrar', 'Se ha Registrado el reporte 510', '2016-07-28 21:40:18'),
(524, 'root', 'reportes', 'Registrar', 'Se ha Registrado el reporte 511', '2016-07-28 21:40:37'),
(525, 'root', 'reportes', 'Registrar', 'Se ha Registrado el reporte 512', '2016-07-28 21:40:49'),
(526, 'root', 'reportes', 'Registrar', 'Se ha Registrado el reporte 513', '2016-07-28 21:41:00'),
(527, 'root', 'reportes', 'Registrar', 'Se ha Registrado el reporte 514', '2016-07-28 21:41:10'),
(528, 'root', 'reportes', 'Registrar', 'Se ha Registrado el reporte 515', '2016-07-28 21:41:20'),
(529, 'root', 'reportes', 'Registrar', 'Se ha Registrado el reporte 516', '2016-07-28 21:41:47'),
(530, 'root', 'reportes', 'Registrar', 'Se ha Registrado el reporte 517', '2016-07-28 21:41:59'),
(531, 'root', 'reportes', 'Registrar', 'Se ha Registrado el reporte 518', '2016-07-28 21:43:04'),
(532, 'root', 'reportes', 'Registrar', 'Se ha Registrado el reporte 519', '2016-07-28 21:43:14'),
(533, 'root', 'reportes', 'Registrar', 'Se ha Registrado el reporte 520', '2016-07-28 21:43:37'),
(534, 'root', 'reportes', 'Registrar', 'Se ha Registrado el reporte 521', '2016-07-28 21:43:51'),
(535, 'root', 'reportes', 'Registrar', 'Se ha Registrado el reporte 522', '2016-07-28 21:44:09'),
(536, 'root', 'reportes', 'Registrar', 'Se ha Registrado el reporte 523', '2016-07-28 21:44:26'),
(537, 'root', 'reportes', 'Registrar', 'Se ha Registrado el reporte 524', '2016-07-28 21:44:55'),
(538, 'root', 'reportes', 'Registrar', 'Se ha Registrado el reporte 525', '2016-07-28 21:45:07'),
(539, 'root', 'reportes', 'Registrar', 'Se ha Registrado el reporte 526', '2016-07-28 21:45:25'),
(540, 'root', 'reportes', 'Registrar', 'Se ha Registrado el reporte 527', '2016-07-28 21:45:34'),
(541, 'root', 'reportes', 'Registrar', 'Se ha Registrado el reporte 528', '2016-07-28 21:46:16'),
(542, 'root', 'reportes', 'Registrar', 'Se ha Registrado el reporte 529', '2016-07-28 21:46:27'),
(543, 'root', 'reportes', 'Registrar', 'Se ha Registrado el reporte 530', '2016-07-28 21:47:17'),
(544, 'root', 'reportes', 'Registrar', 'Se ha Registrado el reporte 531', '2016-07-28 21:47:29'),
(545, 'root', 'reportes', 'Registrar', 'Se ha Registrado el reporte 532', '2016-07-28 21:47:39'),
(546, 'root', 'reportes', 'Registrar', 'Se ha Registrado el reporte 533', '2016-07-28 21:47:59'),
(547, 'root', 'reportes', 'Registrar', 'Se ha Registrado el reporte 534', '2016-07-28 21:48:28');
INSERT INTO `bitacora` (`id_bitacora`, `usuario`, `tabla`, `accion`, `descripcion`, `fecha`) VALUES
(548, 'root', 'reportes', 'Registrar', 'Se ha Registrado el reporte 535', '2016-07-28 21:48:46'),
(549, 'root', 'reportes', 'Registrar', 'Se ha Registrado el reporte 536', '2016-07-28 21:49:08'),
(550, 'root', 'reportes', 'Registrar', 'Se ha Registrado el reporte 537', '2016-07-28 21:49:23'),
(551, 'root', 'reportes', 'Registrar', 'Se ha Registrado el reporte 538', '2016-07-28 21:49:48'),
(552, 'root', 'reportes', 'Registrar', 'Se ha Registrado el reporte 539', '2016-07-28 21:49:58'),
(553, 'root', 'reportes', 'Registrar', 'Se ha Registrado el reporte 540', '2016-07-28 21:50:17'),
(554, 'root', 'reportes', 'Registrar', 'Se ha Registrado el reporte 541', '2016-07-28 21:51:03'),
(555, 'root', 'reportes', 'Registrar', 'Se ha Registrado el reporte 542', '2016-07-28 21:51:32'),
(556, 'root', 'reportes', 'Registrar', 'Se ha Registrado el reporte 543', '2016-07-28 21:51:41'),
(557, 'root', 'reportes', 'Registrar', 'Se ha Registrado el reporte 544', '2016-07-28 21:51:51'),
(558, 'root', 'reportes', 'Registrar', 'Se ha Registrado el reporte 545', '2016-07-28 21:52:01'),
(559, 'root', 'reportes', 'Registrar', 'Se ha Registrado el reporte 546', '2016-07-28 21:52:31'),
(560, 'root', 'reportes', 'Registrar', 'Se ha Registrado el reporte 547', '2016-07-28 21:52:45'),
(561, 'root', 'reportes', 'Registrar', 'Se ha Registrado el reporte 548', '2016-07-28 21:52:56'),
(562, 'root', 'reportes', 'Registrar', 'Se ha Registrado el reporte 549', '2016-07-28 21:53:13'),
(563, 'root', 'reportes', 'Registrar', 'Se ha Registrado el reporte 550', '2016-07-28 21:53:25'),
(564, 'root', 'reportes', 'Registrar', 'Se ha Registrado el reporte 551', '2016-07-28 21:53:36'),
(565, 'root', 'reportes', 'Registrar', 'Se ha Registrado el reporte 552', '2016-07-28 21:53:59'),
(566, 'root', 'reportes', 'Registrar', 'Se ha Registrado el reporte 553', '2016-07-28 21:54:09'),
(567, 'root', 'reportes', 'Registrar', 'Se ha Registrado el reporte 554', '2016-07-28 21:54:44'),
(568, 'root', 'reportes', 'Registrar', 'Se ha Registrado el reporte 555', '2016-07-28 21:54:55'),
(569, 'root', 'reportes', 'Registrar', 'Se ha Registrado el reporte 556', '2016-07-28 21:55:22'),
(570, 'root', 'reportes', 'Registrar', 'Se ha Registrado el reporte 557', '2016-07-28 21:55:35'),
(571, 'root', 'reportes', 'Registrar', 'Se ha Registrado el reporte 558', '2016-07-28 21:56:06'),
(572, 'root', 'reportes', 'Registrar', 'Se ha Registrado el reporte 559', '2016-07-28 21:59:21'),
(573, 'root', 'reportes', 'Registrar', 'Se ha Registrado el reporte 560', '2016-07-28 21:59:33'),
(574, 'root', 'reportes', 'Registrar', 'Se ha Registrado el reporte 561', '2016-07-28 21:59:45'),
(575, 'root', 'reportes', 'Registrar', 'Se ha Registrado el reporte 562', '2016-07-28 21:59:53'),
(576, 'root', 'reportes', 'Registrar', 'Se ha Registrado el reporte 563', '2016-07-28 22:00:05'),
(577, 'root', 'reportes', 'Registrar', 'Se ha Registrado el reporte 564', '2016-07-28 22:00:27'),
(578, 'root', 'reportes', 'Registrar', 'Se ha Registrado el reporte 565', '2016-07-28 22:00:41'),
(579, 'root', 'reportes', 'Registrar', 'Se ha Registrado el reporte 566', '2016-07-28 22:00:53'),
(580, 'root', 'reportes', 'Registrar', 'Se ha Registrado el reporte 567', '2016-07-28 22:01:04'),
(581, 'root', 'reportes', 'Registrar', 'Se ha Registrado el reporte 568', '2016-07-28 22:01:20'),
(582, 'root', 'reportes', 'Registrar', 'Se ha Registrado el reporte 569', '2016-07-28 22:01:31'),
(583, 'root', 'reportes', 'Registrar', 'Se ha Registrado el reporte 570', '2016-07-28 22:02:03'),
(584, 'root', 'reportes', 'Registrar', 'Se ha Registrado el reporte 571', '2016-07-28 22:02:13'),
(585, 'root', 'reportes', 'Registrar', 'Se ha Registrado el reporte 572', '2016-07-28 22:02:22'),
(586, 'root', 'reportes', 'Registrar', 'Se ha Registrado el reporte 573', '2016-07-28 22:02:44'),
(587, 'root', 'reportes', 'Registrar', 'Se ha Registrado el reporte 574', '2016-07-28 22:03:10'),
(588, 'root', 'reportes', 'Registrar', 'Se ha Registrado el reporte 575', '2016-07-28 22:03:29'),
(589, 'root', 'reportes', 'Registrar', 'Se ha Registrado el reporte 576', '2016-07-28 22:04:19'),
(590, 'root', 'reportes', 'Registrar', 'Se ha Registrado el reporte 577', '2016-07-28 22:04:29'),
(591, 'root', 'reportes', 'Registrar', 'Se ha Registrado el reporte 578', '2016-07-28 22:05:14'),
(592, 'root', 'reportes', 'Registrar', 'Se ha Registrado el reporte 579', '2016-07-28 22:05:37'),
(593, 'root', 'reportes', 'Registrar', 'Se ha Registrado el reporte 580', '2016-07-28 22:05:46'),
(594, 'root', 'reportes', 'Registrar', 'Se ha Registrado el reporte 581', '2016-07-28 22:05:56'),
(595, 'root', 'reportes', 'Registrar', 'Se ha Registrado el reporte 582', '2016-07-28 22:06:19'),
(596, 'root', 'reportes', 'Registrar', 'Se ha Registrado el reporte 583', '2016-07-28 22:06:31'),
(597, 'root', 'reportes', 'Registrar', 'Se ha Registrado el reporte 584', '2016-07-28 22:06:47'),
(598, 'root', 'reportes', 'Registrar', 'Se ha Registrado el reporte 585', '2016-07-28 22:07:04'),
(599, 'root', 'reportes', 'Registrar', 'Se ha Registrado el reporte 586', '2016-07-28 22:07:27'),
(600, 'root', 'reportes', 'Registrar', 'Se ha Registrado el reporte 587', '2016-07-28 22:07:40'),
(601, 'root', 'reportes', 'Registrar', 'Se ha Registrado el reporte 588', '2016-07-28 22:08:01'),
(602, 'root', 'reportes', 'Registrar', 'Se ha Registrado el reporte 589', '2016-07-28 22:08:11'),
(603, 'root', 'reportes', 'Modificar', 'Se ha Modificado el reporte 589', '2016-07-28 22:08:38'),
(604, 'root', 'reportes', 'Registrar', 'Se ha Registrado el reporte 590', '2016-07-28 22:08:52'),
(605, 'root', 'reportes', 'Registrar', 'Se ha Registrado el reporte 591', '2016-07-28 22:09:02'),
(606, 'root', 'reportes', 'Registrar', 'Se ha Registrado el reporte 592', '2016-07-28 22:09:11'),
(607, 'root', 'reportes', 'Registrar', 'Se ha Registrado el reporte 593', '2016-07-28 22:09:21'),
(608, 'root', 'reportes', 'Registrar', 'Se ha Registrado el reporte 594', '2016-07-28 22:09:36'),
(609, 'root', 'reportes', 'Registrar', 'Se ha Registrado el reporte 595', '2016-07-28 22:09:48'),
(610, 'root', 'reportes', 'Registrar', 'Se ha Registrado el reporte 596', '2016-07-28 22:10:10'),
(611, 'root', 'reportes', 'Registrar', 'Se ha Registrado el reporte 597', '2016-07-28 22:10:20'),
(612, 'root', 'reportes', 'Registrar', 'Se ha Registrado el reporte 598', '2016-07-28 22:10:34'),
(613, 'root', 'reportes', 'Registrar', 'Se ha Registrado el reporte 599', '2016-07-28 22:10:43'),
(614, 'root', 'reportes', 'Registrar', 'Se ha Registrado el reporte 600', '2016-07-28 22:11:15'),
(615, 'root', 'reportes', 'Registrar', 'Se ha Registrado el reporte 601', '2016-07-28 22:11:25'),
(616, 'root', 'reportes', 'Registrar', 'Se ha Registrado el reporte 602', '2016-07-28 22:11:35'),
(617, 'root', 'reportes', 'Registrar', 'Se ha Registrado el reporte 603', '2016-07-28 22:11:53'),
(618, 'root', 'reportes', 'Registrar', 'Se ha Registrado el reporte 604', '2016-07-28 22:12:27'),
(619, 'root', 'reportes', 'Registrar', 'Se ha Registrado el reporte 605', '2016-07-28 22:12:37'),
(620, 'root', 'reportes', 'Registrar', 'Se ha Registrado el reporte 606', '2016-07-28 22:12:54'),
(621, 'root', 'reportes', 'Registrar', 'Se ha Registrado el reporte 607', '2016-07-28 22:13:04'),
(622, 'root', 'reportes', 'Registrar', 'Se ha Registrado el reporte 608', '2016-07-28 22:13:15'),
(623, 'root', 'reportes', 'Registrar', 'Se ha Registrado el reporte 609', '2016-07-28 22:13:26'),
(624, 'root', 'reportes', 'Registrar', 'Se ha Registrado el reporte 610', '2016-07-28 22:13:40'),
(625, 'root', 'reportes', 'Registrar', 'Se ha Registrado el reporte 611', '2016-07-28 22:13:54'),
(626, 'root', 'reportes', 'Registrar', 'Se ha Registrado el reporte 612', '2016-07-28 22:17:45'),
(627, 'root', 'reportes', 'Modificar', 'Se ha Modificado el reporte 612', '2016-07-28 22:17:56'),
(628, 'root', 'reportes', 'Registrar', 'Se ha Registrado el reporte 613', '2016-07-28 22:18:14'),
(629, 'root', 'reportes', 'Registrar', 'Se ha Registrado el reporte 614', '2016-07-28 22:18:35'),
(630, 'root', 'reportes', 'Registrar', 'Se ha Registrado el reporte 615', '2016-07-28 22:18:46'),
(631, 'root', 'reportes', 'Registrar', 'Se ha Registrado el reporte 616', '2016-07-28 22:18:56'),
(632, 'root', 'reportes', 'Registrar', 'Se ha Registrado el reporte 617', '2016-07-28 22:19:23'),
(633, 'root', 'reportes', 'Registrar', 'Se ha Registrado el reporte 618', '2016-07-28 22:19:40'),
(634, 'root', 'reportes', 'Registrar', 'Se ha Registrado el reporte 619', '2016-07-28 22:20:01'),
(635, 'root', 'reportes', 'Registrar', 'Se ha Registrado el reporte 620', '2016-07-28 22:20:11'),
(636, 'root', 'reportes', 'Registrar', 'Se ha Registrado el reporte 621', '2016-07-28 22:20:24'),
(637, 'root', 'reportes', 'Modificar', 'Se ha Modificado el reporte 621', '2016-07-28 22:20:49'),
(638, 'root', 'reportes', 'Registrar', 'Se ha Registrado el reporte 622', '2016-07-28 22:20:59'),
(639, 'root', 'reportes', 'Registrar', 'Se ha Registrado el reporte 623', '2016-07-28 22:21:18'),
(640, 'root', 'reportes', 'Registrar', 'Se ha Registrado el reporte 624', '2016-07-28 22:21:36'),
(641, 'root', 'reportes', 'Registrar', 'Se ha Registrado el reporte 625', '2016-07-28 22:22:02'),
(642, 'root', 'reportes', 'Registrar', 'Se ha Registrado el reporte 626', '2016-07-28 22:22:13'),
(643, 'root', 'reportes', 'Registrar', 'Se ha Registrado el reporte 627', '2016-07-28 22:22:24'),
(644, 'root', 'reportes', 'Registrar', 'Se ha Registrado el reporte 628', '2016-07-28 22:22:34'),
(645, 'root', 'reportes', 'Registrar', 'Se ha Registrado el reporte 629', '2016-07-28 22:22:51'),
(646, 'root', 'reportes', 'Registrar', 'Se ha Registrado el reporte 630', '2016-07-28 22:23:03'),
(647, 'root', 'reportes', 'Registrar', 'Se ha Registrado el reporte 631', '2016-07-28 22:23:34'),
(648, 'root', 'reportes', 'Registrar', 'Se ha Registrado el reporte 632', '2016-07-28 22:23:48'),
(649, 'root', 'reportes', 'Registrar', 'Se ha Registrado el reporte 633', '2016-07-28 22:24:07'),
(650, 'root', 'reportes', 'Registrar', 'Se ha Registrado el reporte 634', '2016-07-28 22:24:17'),
(651, 'root', 'reportes', 'Registrar', 'Se ha Registrado el reporte 635', '2016-07-28 22:24:28'),
(652, 'root', 'reportes', 'Registrar', 'Se ha Registrado el reporte 636', '2016-07-28 22:24:39'),
(653, 'root', 'reportes', 'Registrar', 'Se ha Registrado el reporte 637', '2016-07-28 22:24:49'),
(654, 'root', 'reportes', 'Registrar', 'Se ha Registrado el reporte 638', '2016-07-28 22:24:59'),
(655, 'root', 'reportes', 'Registrar', 'Se ha Registrado el reporte 639', '2016-07-28 22:25:10'),
(656, 'root', 'reportes', 'Registrar', 'Se ha Registrado el reporte 640', '2016-07-28 22:25:20'),
(657, 'root', 'reportes', 'Registrar', 'Se ha Registrado el reporte 641', '2016-07-28 22:25:30'),
(658, 'root', 'reportes', 'Registrar', 'Se ha Registrado el reporte 642', '2016-01-18 12:05:22'),
(659, 'root', 'reportes', 'Registrar', 'Se ha Registrado el reporte 643', '2016-01-18 12:07:19'),
(660, 'root', 'reportes', 'Registrar', 'Se ha Registrado el reporte 644', '2016-01-18 12:10:20'),
(661, 'root', 'reportes', 'Registrar', 'Se ha Registrado el reporte 645', '2016-01-18 12:13:39'),
(662, 'root', 'reportes', 'Eliminar', 'Se ha eliminado el reporte 645', '2016-01-18 12:17:31'),
(663, 'root', 'reportes', 'Eliminar', 'Se ha eliminado el reporte 644', '2016-01-18 12:17:31'),
(664, 'root', 'reportes', 'Eliminar', 'Se ha eliminado el reporte 643', '2016-01-18 12:17:33'),
(665, 'root', 'reportes', 'Eliminar', 'Se ha eliminado el reporte 642', '2016-01-18 12:17:33'),
(666, 'root', 'reportes', 'Registrar', 'Se ha Registrado el reporte 646', '2016-07-29 18:07:07'),
(667, 'root', 'reportes', 'Registrar', 'Se ha Registrado el reporte 647', '2016-07-29 18:09:20'),
(668, 'root', 'reportes', 'Registrar', 'Se ha Registrado el reporte 648', '2016-07-29 18:09:56'),
(669, 'root', 'reportes', 'Registrar', 'Se ha Registrado el reporte 649', '2016-07-29 18:10:35'),
(670, 'root', 'reportes', 'Modificar', 'Se ha Modificado el reporte 649', '2016-07-29 18:11:05'),
(671, 'root', 'reportes', 'Registrar', 'Se ha Registrado el reporte 650', '2016-07-29 18:12:15'),
(672, 'root', 'reportes', 'Registrar', 'Se ha Registrado el reporte 651', '2016-07-29 18:12:38'),
(673, 'root', 'reportes', 'Registrar', 'Se ha Registrado el reporte 652', '2016-07-29 18:13:20'),
(674, 'root', 'reportes', 'Registrar', 'Se ha Registrado el reporte 653', '2016-07-29 18:13:52'),
(675, 'root', 'reportes', 'Registrar', 'Se ha Registrado el reporte 654', '2016-07-29 18:14:56'),
(676, 'root', 'reportes', 'Registrar', 'Se ha Registrado el reporte 655', '2016-07-29 18:15:37'),
(677, 'root', 'reportes', 'Eliminar', 'Se ha eliminado el reporte 655', '2016-07-29 18:19:17'),
(678, 'root', 'reportes', 'Eliminar', 'Se ha eliminado el reporte 654', '2016-07-29 18:19:18'),
(679, 'root', 'reportes', 'Eliminar', 'Se ha eliminado el reporte 653', '2016-07-29 18:19:18'),
(680, 'root', 'reportes', 'Eliminar', 'Se ha eliminado el reporte 650', '2016-07-29 18:19:18'),
(681, 'root', 'usuarios', 'Modificado', 'El usuario venalcasa se modifico', '2016-08-01 19:42:56'),
(682, 'root', 'productos', 'Registrar', 'Se ha Registrado el producto HARINA DE MAIZ BLANCO PRECOCIDA CASA', '2016-08-01 19:52:01'),
(683, 'root', 'producto_planta', 'Asociar', 'Se asocio un producto a una planta', '2016-08-01 19:52:28'),
(684, 'root', 'productos', 'Registrar', 'Se ha Registrado el producto LECHE EN POLVO', '2016-08-01 19:57:25'),
(685, 'root', 'producto_planta', 'Asociar', 'Se asocio un producto a una planta', '2016-08-01 19:57:47'),
(686, 'root', 'productos', 'Registrar', 'Se ha Registrado el producto GRANOS CASA', '2016-08-01 20:16:15'),
(687, 'root', 'productos', 'Registrar', 'Se ha Registrado el producto AZUCAR REFINADA CASA', '2016-08-01 20:16:52'),
(688, 'root', 'producto_planta', 'Asociar', 'Se asocio un producto a una planta', '2016-08-01 20:18:51'),
(689, 'root', 'producto_planta', 'Asociar', 'Se asocio un producto a una planta', '2016-08-01 20:19:07'),
(690, 'root', 'usuarios', 'Registrado', 'El usuario casa se registro', '2016-08-01 20:23:21'),
(691, 'root', 'usuarios', 'Registrado', 'El usuario calabozo se registro', '2016-08-01 20:27:28'),
(692, 'root', 'usuarios', 'Registrado', 'El usuario catia se registro', '2016-08-01 20:33:49'),
(693, 'root', 'usuarios', 'Registrado', 'El usuario hugo chavez se registro', '2016-08-01 20:42:10'),
(694, 'root', 'reportes', 'Registrar', 'Se ha Registrado el reporte 653', '2016-08-01 20:43:40'),
(695, 'root', 'reportes', 'Registrar', 'Se ha Registrado el reporte 654', '2016-08-01 20:44:12'),
(696, 'root', 'reportes', 'Registrar', 'Se ha Registrado el reporte 655', '2016-08-01 20:44:50'),
(697, 'root', 'reportes', 'Registrar', 'Se ha Registrado el reporte 656', '2016-08-01 20:45:17'),
(698, 'root', 'reportes', 'Registrar', 'Se ha Registrado el reporte 657', '2016-08-01 20:45:53'),
(699, 'root', 'reportes', 'Registrar', 'Se ha Registrado el reporte 658', '2016-08-01 20:46:30'),
(700, 'root', 'reportes', 'Registrar', 'Se ha Registrado el reporte 659', '2016-08-01 20:51:55'),
(701, 'root', 'reportes', 'Registrar', 'Se ha Registrado el reporte 660', '2016-08-01 20:52:22'),
(702, 'root', 'reportes', 'Registrar', 'Se ha Registrado el reporte 661', '2016-08-01 20:52:49'),
(703, 'root', 'reportes', 'Registrar', 'Se ha Registrado el reporte 662', '2016-08-01 20:53:22'),
(704, 'root', 'reportes', 'Registrar', 'Se ha Registrado el reporte 663', '2016-08-01 20:53:48'),
(705, 'root', 'reportes', 'Registrar', 'Se ha Registrado el reporte 664', '2016-08-01 20:54:14'),
(706, 'root', 'reportes', 'Registrar', 'Se ha Registrado el reporte 665', '2016-08-01 20:54:33'),
(707, 'root', 'reportes', 'Registrar', 'Se ha Registrado el reporte 666', '2016-08-01 20:54:54'),
(708, 'root', 'reportes', 'Registrar', 'Se ha Registrado el reporte 667', '2016-08-01 20:55:58'),
(709, 'root', 'reportes', 'Registrar', 'Se ha Registrado el reporte 668', '2016-08-01 20:56:26'),
(710, 'root', 'reportes', 'Registrar', 'Se ha Registrado el reporte 669', '2016-08-01 20:56:55'),
(711, 'root', 'reportes', 'Registrar', 'Se ha Registrado el reporte 670', '2016-08-01 20:57:21'),
(712, 'root', 'reportes', 'Registrar', 'Se ha Registrado el reporte 671', '2016-08-01 20:57:46'),
(713, 'root', 'reportes', 'Registrar', 'Se ha Registrado el reporte 672', '2016-08-01 20:58:15'),
(714, 'root', 'reportes', 'Registrar', 'Se ha Registrado el reporte 673', '2016-08-01 20:58:43'),
(715, 'root', 'reportes', 'Registrar', 'Se ha Registrado el reporte 674', '2016-08-01 20:59:06'),
(716, 'root', 'reportes', 'Registrar', 'Se ha Registrado el reporte 675', '2016-08-01 20:59:28'),
(717, 'root', 'reportes', 'Registrar', 'Se ha Registrado el reporte 676', '2016-08-01 20:59:54'),
(718, 'root', 'reportes', 'Registrar', 'Se ha Registrado el reporte 677', '2016-08-01 21:00:35'),
(719, 'root', 'reportes', 'Registrar', 'Se ha Registrado el reporte 678', '2016-08-01 21:01:04'),
(720, 'root', 'reportes', 'Registrar', 'Se ha Registrado el reporte 679', '2016-08-01 21:01:56'),
(721, 'root', 'reportes', 'Registrar', 'Se ha Registrado el reporte 680', '2016-08-01 21:02:44'),
(722, 'root', 'reportes', 'Registrar', 'Se ha Registrado el reporte 681', '2016-08-01 21:03:11'),
(723, 'root', 'reportes', 'Registrar', 'Se ha Registrado el reporte 682', '2016-08-01 21:03:38'),
(724, 'root', 'reportes', 'Registrar', 'Se ha Registrado el reporte 683', '2016-08-01 21:04:00'),
(725, 'root', 'reportes', 'Modificar', 'Se ha Modificado el reporte 683', '2016-08-01 21:04:29'),
(726, 'root', 'reportes', 'Registrar', 'Se ha Registrado el reporte 684', '2016-08-01 21:04:53'),
(727, 'root', 'reportes', 'Registrar', 'Se ha Registrado el reporte 685', '2016-08-01 21:05:17'),
(728, 'root', 'reportes', 'Registrar', 'Se ha Registrado el reporte 686', '2016-08-01 21:05:45'),
(729, 'root', 'reportes', 'Registrar', 'Se ha Registrado el reporte 687', '2016-08-01 21:06:10'),
(730, 'root', 'reportes', 'Registrar', 'Se ha Registrado el reporte 688', '2016-08-01 21:07:07'),
(731, 'root', 'reportes', 'Registrar', 'Se ha Registrado el reporte 689', '2016-08-01 21:07:39'),
(732, 'root', 'reportes', 'Registrar', 'Se ha Registrado el reporte 690', '2016-08-01 21:08:26'),
(733, 'root', 'reportes', 'Registrar', 'Se ha Registrado el reporte 691', '2016-08-01 21:08:52'),
(734, 'root', 'reportes', 'Registrar', 'Se ha Registrado el reporte 692', '2016-08-01 21:09:30'),
(735, 'root', 'reportes', 'Registrar', 'Se ha Registrado el reporte 693', '2016-08-01 21:09:51'),
(736, 'root', 'reportes', 'Registrar', 'Se ha Registrado el reporte 694', '2016-08-01 21:10:12'),
(737, 'root', 'reportes', 'Registrar', 'Se ha Registrado el reporte 695', '2016-08-01 21:10:46'),
(738, 'root', 'reportes', 'Registrar', 'Se ha Registrado el reporte 696', '2016-08-01 21:11:06'),
(739, 'root', 'reportes', 'Registrar', 'Se ha Registrado el reporte 697', '2016-08-01 21:11:31'),
(740, 'root', 'reportes', 'Registrar', 'Se ha Registrado el reporte 698', '2016-08-01 21:11:52'),
(741, 'root', 'reportes', 'Registrar', 'Se ha Registrado el reporte 699', '2016-08-02 02:28:41'),
(742, 'root', 'reportes', 'Registrar', 'Se ha Registrado el reporte 700', '2016-08-02 02:29:09'),
(743, 'root', 'reportes', 'Registrar', 'Se ha Registrado el reporte 701', '2016-08-02 02:30:23'),
(744, 'root', 'reportes', 'Registrar', 'Se ha Registrado el reporte 702', '2016-08-02 02:30:45'),
(745, 'root', 'reportes', 'Registrar', 'Se ha Registrado el reporte 703', '2016-08-02 02:33:21'),
(746, 'root', 'reportes', 'Registrar', 'Se ha Registrado el reporte 704', '2016-08-02 02:34:35'),
(747, 'root', 'reportes', 'Registrar', 'Se ha Registrado el reporte 705', '2016-08-02 02:35:17'),
(748, 'root', 'reportes', 'Registrar', 'Se ha Registrado el reporte 706', '2016-08-02 02:37:01'),
(749, 'root', 'reportes', 'Registrar', 'Se ha Registrado el reporte 707', '2016-08-02 02:38:42');

-- --------------------------------------------------------

--
-- Estructura de tabla para la tabla `empresa`
--

CREATE TABLE IF NOT EXISTS `empresa` (
`id_empresa` int(10) unsigned NOT NULL,
  `razon_social` varchar(100) COLLATE utf8_spanish_ci DEFAULT NULL,
  `rif` varchar(12) COLLATE utf8_spanish_ci DEFAULT NULL,
  `direccion` text CHARACTER SET utf8,
  `telefono` varchar(20) COLLATE utf8_spanish_ci DEFAULT NULL,
  `contacto` varchar(100) COLLATE utf8_spanish_ci DEFAULT NULL,
  `correo` varchar(50) COLLATE utf8_spanish_ci DEFAULT NULL,
  `activo` tinyint(3) unsigned DEFAULT '1' COMMENT '1=Activo, 0=Desactivado',
  `fecha_registro` timestamp NULL DEFAULT CURRENT_TIMESTAMP
) ENGINE=InnoDB AUTO_INCREMENT=1006 DEFAULT CHARSET=utf8 COLLATE=utf8_spanish_ci;

--
-- Volcado de datos para la tabla `empresa`
--

INSERT INTO `empresa` (`id_empresa`, `razon_social`, `rif`, `direccion`, `telefono`, `contacto`, `correo`, `activo`, `fecha_registro`) VALUES
(999, 'TODAS', '', ' ', '0212-0000000', 'CGONCALVES', '', 1, '2016-03-28 02:35:06'),
(1003, 'VENEZOLANA DE ALIMENTOS LA CASA, S.A.', '20008504-5', 'URB CATIA GALPON CATIA ,MUNICIPIO LIBERTADO , DISTRITO CAPITAL - CARACAS', '0424444445', 'RICARDO VILLAMIZAR', 'VENALCASA1@HOTMAIL.COM', 1, '2016-07-26 12:52:54'),
(1005, 'FRIOSA S.A', 'J-08000614-3', 'ZONA INDUSTRIAL UNARE II CALLE IPIRE, COMPLEJO COMERCIAL GARCIA HERMANOS PUERTO ORDAZ', '02869512222', 'JOSE MENDOZA', 'FRIGORIFICO_ORDAZ@HOTMAIL.COM', 1, '2016-07-26 16:21:37');

-- --------------------------------------------------------

--
-- Estructura de tabla para la tabla `estado`
--

CREATE TABLE IF NOT EXISTS `estado` (
`id_estado` int(11) NOT NULL COMMENT 'Identificador de la tabla Estado',
  `estado` varchar(100) NOT NULL COMMENT 'Indica el nombre del estado almacenado'
) ENGINE=InnoDB AUTO_INCREMENT=25 DEFAULT CHARSET=latin1 COMMENT='Entidad que contiene informacion sobre estados. Desarrollado por Jose Rodriguez <josearodrigueze@gmail.com> @josearodrigueze';

--
-- Volcado de datos para la tabla `estado`
--

INSERT INTO `estado` (`id_estado`, `estado`) VALUES
(1, 'DTTO. CAPITAL'),
(2, 'ANZOATEGUI'),
(3, 'APURE'),
(4, 'ARAGUA'),
(5, 'BARINAS'),
(6, 'BOLIVAR'),
(7, 'CARABOBO'),
(8, 'COJEDES'),
(9, 'FALCON'),
(10, 'GUARICO'),
(11, 'LARA'),
(12, 'MERIDA'),
(13, 'MIRANDA'),
(14, 'MONAGAS'),
(15, 'NUEVA ESPARTA'),
(16, 'PORTUGUESA'),
(17, 'SUCRE'),
(18, 'TACHIRA'),
(19, 'TRUJILLO'),
(20, 'YARACUY'),
(21, 'ZULIA'),
(22, 'AMAZONAS'),
(23, 'DELTA AMACURO'),
(24, 'VARGAS');

-- --------------------------------------------------------

--
-- Estructura de tabla para la tabla `gerencia`
--

CREATE TABLE IF NOT EXISTS `gerencia` (
`id_gerencia` int(10) unsigned NOT NULL,
  `sede_id` int(10) unsigned NOT NULL DEFAULT '0',
  `nombre_gerencia` varchar(100) COLLATE utf8_spanish_ci DEFAULT NULL,
  `gerente` varchar(50) COLLATE utf8_spanish_ci DEFAULT NULL,
  `ubicacion` longtext COLLATE utf8_spanish_ci,
  `activo` tinyint(3) unsigned DEFAULT '1' COMMENT '1=Activo, 0=Desactivado',
  `fecha_registro` timestamp NULL DEFAULT CURRENT_TIMESTAMP
) ENGINE=InnoDB DEFAULT CHARSET=utf8 COLLATE=utf8_spanish_ci;

-- --------------------------------------------------------

--
-- Estructura de tabla para la tabla `marcas`
--

CREATE TABLE IF NOT EXISTS `marcas` (
`id_marca` int(10) unsigned NOT NULL,
  `nombre_marca` varchar(100) COLLATE utf8_spanish_ci NOT NULL DEFAULT ''
) ENGINE=InnoDB AUTO_INCREMENT=8 DEFAULT CHARSET=utf8 COLLATE=utf8_spanish_ci ROW_FORMAT=COMPACT;

--
-- Volcado de datos para la tabla `marcas`
--

INSERT INTO `marcas` (`id_marca`, `nombre_marca`) VALUES
(4, 'FRIOSA PRODUCTIVA'),
(5, 'CASA'),
(6, 'VENALCASA'),
(7, 'PDVAL');

-- --------------------------------------------------------

--
-- Estructura de tabla para la tabla `medida`
--

CREATE TABLE IF NOT EXISTS `medida` (
`id_medida` int(10) unsigned NOT NULL,
  `nombre_medida` varchar(100) COLLATE utf8_spanish_ci NOT NULL DEFAULT '',
  `abv_medida` varchar(5) COLLATE utf8_spanish_ci DEFAULT NULL
) ENGINE=InnoDB AUTO_INCREMENT=7 DEFAULT CHARSET=utf8 COLLATE=utf8_spanish_ci;

--
-- Volcado de datos para la tabla `medida`
--

INSERT INTO `medida` (`id_medida`, `nombre_medida`, `abv_medida`) VALUES
(6, 'KILO', 'KG');

-- --------------------------------------------------------

--
-- Estructura de tabla para la tabla `municipio`
--

CREATE TABLE IF NOT EXISTS `municipio` (
`id_municipio` int(11) NOT NULL COMMENT 'Identificador de Munucipio',
  `municipio` varchar(100) NOT NULL,
  `estado_id` int(11) NOT NULL COMMENT 'Identificador del estado al que pertenece la parroquia'
) ENGINE=InnoDB AUTO_INCREMENT=336 DEFAULT CHARSET=latin1 COMMENT='Entidad que contiene la informacion de municipios. Desarrollado por Jose Rodriguez <josearodrigueze@gmail.com> @josearodrigueze';

--
-- Volcado de datos para la tabla `municipio`
--

INSERT INTO `municipio` (`id_municipio`, `municipio`, `estado_id`) VALUES
(1, 'LIBERTADOR', 1),
(2, 'ANACO', 2),
(3, 'ARAGUA', 2),
(4, 'BOLIVAR', 2),
(5, 'BRUZUAL', 2),
(6, 'CAJIGAL', 2),
(7, 'FREITES', 2),
(8, 'INDEPENDENCIA', 2),
(9, 'LIBERTAD', 2),
(10, 'MIRANDA', 2),
(11, 'MONAGAS', 2),
(12, 'PEÑALVER', 2),
(13, 'SIMON RODRIGUEZ', 2),
(14, 'SOTILLO', 2),
(15, 'GUANIPA', 2),
(16, 'GUANTA', 2),
(17, 'PIRITU', 2),
(18, 'M.L/DIEGO BAUTISTA U', 2),
(19, 'CARVAJAL', 2),
(20, 'SANTA ANA', 2),
(21, 'MC GREGOR', 2),
(22, 'S JUAN CAPISTRANO', 2),
(23, 'ACHAGUAS', 3),
(24, 'MUÑOZ', 3),
(25, 'PAEZ', 3),
(26, 'PEDRO CAMEJO', 3),
(27, 'ROMULO GALLEGOS', 3),
(28, 'SAN FERNANDO', 3),
(29, 'BIRUACA', 3),
(30, 'GIRARDOT', 4),
(31, 'SANTIAGO MARIÑO', 4),
(32, 'JOSE FELIX RIVAS', 4),
(33, 'SAN CASIMIRO', 4),
(34, 'SAN SEBASTIAN', 4),
(35, 'SUCRE', 4),
(36, 'URDANETA', 4),
(37, 'ZAMORA', 4),
(38, 'LIBERTADOR', 4),
(39, 'JOSE ANGEL LAMAS', 4),
(40, 'BOLIVAR', 4),
(41, 'SANTOS MICHELENA', 4),
(42, 'MARIO B IRAGORRY', 4),
(43, 'TOVAR', 4),
(44, 'CAMATAGUA', 4),
(45, 'JOSE R REVENGA', 4),
(46, 'FRANCISCO LINARES A.', 4),
(47, 'M.OCUMARE D LA COSTA', 4),
(48, 'ARISMENDI', 5),
(49, 'BARINAS', 5),
(50, 'BOLIVAR', 5),
(51, 'EZEQUIEL ZAMORA', 5),
(52, 'OBISPOS', 5),
(53, 'PEDRAZA', 5),
(54, 'ROJAS', 5),
(55, 'SOSA', 5),
(56, 'ALBERTO ARVELO T', 5),
(57, 'A JOSE DE SUCRE', 5),
(58, 'CRUZ PAREDES', 5),
(59, 'ANDRES E. BLANCO', 5),
(60, 'CARONI', 6),
(61, 'CEDEÑO', 6),
(62, 'HERES', 6),
(63, 'PIAR', 6),
(64, 'ROSCIO', 6),
(65, 'SUCRE', 6),
(66, 'SIFONTES', 6),
(67, 'RAUL LEONI', 6),
(68, 'GRAN SABANA', 6),
(69, 'EL CALLAO', 6),
(70, 'PADRE PEDRO CHIEN', 6),
(71, 'BEJUMA', 7),
(72, 'CARLOS ARVELO', 7),
(73, 'DIEGO IBARRA', 7),
(74, 'GUACARA', 7),
(75, 'MONTALBAN', 7),
(76, 'JUAN JOSE MORA', 7),
(77, 'PUERTO CABELLO', 7),
(78, 'SAN JOAQUIN', 7),
(79, 'VALENCIA', 7),
(80, 'MIRANDA', 7),
(81, 'LOS GUAYOS', 7),
(82, 'NAGUANAGUA', 7),
(83, 'SAN DIEGO', 7),
(84, 'LIBERTADOR', 7),
(85, 'ANZOATEGUI', 8),
(86, 'FALCON', 8),
(87, 'GIRARDOT', 8),
(88, 'MP PAO SN J BAUTISTA', 8),
(89, 'RICAURTE', 8),
(90, 'SAN CARLOS', 8),
(91, 'TINACO', 8),
(92, 'LIMA BLANCO', 8),
(93, 'ROMULO GALLEGOS', 8),
(94, 'ACOSTA', 9),
(95, 'BOLIVAR', 9),
(96, 'BUCHIVACOA', 9),
(97, 'CARIRUBANA', 9),
(98, 'COLINA', 9),
(99, 'DEMOCRACIA', 9),
(100, 'FALCON', 9),
(101, 'FEDERACION', 9),
(102, 'MAUROA', 9),
(103, 'MIRANDA', 9),
(104, 'PETIT', 9),
(105, 'SILVA', 9),
(106, 'ZAMORA', 9),
(107, 'DABAJURO', 9),
(108, 'MONS. ITURRIZA', 9),
(109, 'LOS TAQUES', 9),
(110, 'PIRITU', 9),
(111, 'UNION', 9),
(112, 'SAN FRANCISCO', 9),
(113, 'JACURA', 9),
(114, 'CACIQUE MANAURE', 9),
(115, 'PALMA SOLA', 9),
(116, 'SUCRE', 9),
(117, 'URUMACO', 9),
(118, 'TOCOPERO', 9),
(119, 'INFANTE', 10),
(120, 'MELLADO', 10),
(121, 'MIRANDA', 10),
(122, 'MONAGAS', 10),
(123, 'RIBAS', 10),
(124, 'ROSCIO', 10),
(125, 'ZARAZA', 10),
(126, 'CAMAGUAN', 10),
(127, 'S JOSE DE GUARIBE', 10),
(128, 'LAS MERCEDES', 10),
(129, 'EL SOCORRO', 10),
(130, 'ORTIZ', 10),
(131, 'S MARIA DE IPIRE', 10),
(132, 'CHAGUARAMAS', 10),
(133, 'SAN GERONIMO DE G', 10),
(134, 'CRESPO', 11),
(135, 'IRIBARREN', 11),
(136, 'JIMENEZ', 11),
(137, 'MORAN', 11),
(138, 'PALAVECINO', 11),
(139, 'TORRES', 11),
(140, 'URDANETA', 11),
(141, 'ANDRES E BLANCO', 11),
(142, 'SIMON PLANAS', 11),
(143, 'ALBERTO ADRIANI', 12),
(144, 'ANDRES BELLO', 12),
(145, 'ARZOBISPO CHACON', 12),
(146, 'CAMPO ELIAS', 12),
(147, 'GUARAQUE', 12),
(148, 'JULIO CESAR SALAS', 12),
(149, 'JUSTO BRICEÑO', 12),
(150, 'LIBERTADOR', 12),
(151, 'SANTOS MARQUINA', 12),
(152, 'MIRANDA', 12),
(153, 'ANTONIO PINTO S.', 12),
(154, 'OB. RAMOS DE LORA', 12),
(155, 'CARACCIOLO PARRA', 12),
(156, 'CARDENAL QUINTERO', 12),
(157, 'PUEBLO LLANO', 12),
(158, 'RANGEL', 12),
(159, 'RIVAS DAVILA', 12),
(160, 'SUCRE', 12),
(161, 'TOVAR', 12),
(162, 'TULIO F CORDERO', 12),
(163, 'PADRE NOGUERA', 12),
(164, 'ARICAGUA', 12),
(165, 'ZEA', 12),
(166, 'ACEVEDO', 13),
(167, 'BRION', 13),
(168, 'GUAICAIPURO', 13),
(169, 'INDEPENDENCIA', 13),
(170, 'LANDER', 13),
(171, 'PAEZ', 13),
(172, 'PAZ CASTILLO', 13),
(173, 'PLAZA', 13),
(174, 'SUCRE', 13),
(175, 'URDANETA', 13),
(176, 'ZAMORA', 13),
(177, 'CRISTOBAL ROJAS', 13),
(178, 'LOS SALIAS', 13),
(179, 'ANDRES BELLO', 13),
(180, 'SIMON BOLIVAR', 13),
(181, 'BARUTA', 13),
(182, 'CARRIZAL', 13),
(183, 'CHACAO', 13),
(184, 'EL HATILLO', 13),
(185, 'BUROZ', 13),
(186, 'PEDRO GUAL', 13),
(187, 'ACOSTA', 14),
(188, 'BOLIVAR', 14),
(189, 'CARIPE', 14),
(190, 'CEDEÑO', 14),
(191, 'EZEQUIEL ZAMORA', 14),
(192, 'LIBERTADOR', 14),
(193, 'MATURIN', 14),
(194, 'PIAR', 14),
(195, 'PUNCERES', 14),
(196, 'SOTILLO', 14),
(197, 'AGUASAY', 14),
(198, 'SANTA BARBARA', 14),
(199, 'URACOA', 14),
(200, 'ARISMENDI', 15),
(201, 'DIAZ', 15),
(202, 'GOMEZ', 15),
(203, 'MANEIRO', 15),
(204, 'MARCANO', 15),
(205, 'MARIÑO', 15),
(206, 'PENIN. DE MACANAO', 15),
(207, 'VILLALBA(I.COCHE)', 15),
(208, 'TUBORES', 15),
(209, 'ANTOLIN DEL CAMPO', 15),
(210, 'GARCIA', 15),
(211, 'ARAURE', 16),
(212, 'ESTELLER', 16),
(213, 'GUANARE', 16),
(214, 'GUANARITO', 16),
(215, 'OSPINO', 16),
(216, 'PAEZ', 16),
(217, 'SUCRE', 16),
(218, 'TUREN', 16),
(219, 'M.JOSE V DE UNDA', 16),
(220, 'AGUA BLANCA', 16),
(221, 'PAPELON', 16),
(222, 'GENARO BOCONOITO', 16),
(223, 'S RAFAEL DE ONOTO', 16),
(224, 'SANTA ROSALIA', 16),
(225, 'ARISMENDI', 17),
(226, 'BENITEZ', 17),
(227, 'BERMUDEZ', 17),
(228, 'CAJIGAL', 17),
(229, 'MARIÑO', 17),
(230, 'MEJIA', 17),
(231, 'MONTES', 17),
(232, 'RIBERO', 17),
(233, 'SUCRE', 17),
(234, 'VALDEZ', 17),
(235, 'ANDRES E BLANCO', 17),
(236, 'LIBERTADOR', 17),
(237, 'ANDRES MATA', 17),
(238, 'BOLIVAR', 17),
(239, 'CRUZ S ACOSTA', 17),
(240, 'AYACUCHO', 18),
(241, 'BOLIVAR', 18),
(242, 'INDEPENDENCIA', 18),
(243, 'CARDENAS', 18),
(244, 'JAUREGUI', 18),
(245, 'JUNIN', 18),
(246, 'LOBATERA', 18),
(247, 'SAN CRISTOBAL', 18),
(248, 'URIBANTE', 18),
(249, 'CORDOBA', 18),
(250, 'GARCIA DE HEVIA', 18),
(251, 'GUASIMOS', 18),
(252, 'MICHELENA', 18),
(253, 'LIBERTADOR', 18),
(254, 'PANAMERICANO', 18),
(255, 'PEDRO MARIA UREÑA', 18),
(256, 'SUCRE', 18),
(257, 'ANDRES BELLO', 18),
(258, 'FERNANDEZ FEO', 18),
(259, 'LIBERTAD', 18),
(260, 'SAMUEL MALDONADO', 18),
(261, 'SEBORUCO', 18),
(262, 'ANTONIO ROMULO C', 18),
(263, 'FCO DE MIRANDA', 18),
(264, 'JOSE MARIA VARGA', 18),
(265, 'RAFAEL URDANETA', 18),
(266, 'SIMON RODRIGUEZ', 18),
(267, 'TORBES', 18),
(268, 'SAN JUDAS TADEO', 18),
(269, 'RAFAEL RANGEL', 19),
(270, 'BOCONO', 19),
(271, 'CARACHE', 19),
(272, 'ESCUQUE', 19),
(273, 'TRUJILLO', 19),
(274, 'URDANETA', 19),
(275, 'VALERA', 19),
(276, 'CANDELARIA', 19),
(277, 'MIRANDA', 19),
(278, 'MONTE CARMELO', 19),
(279, 'MOTATAN', 19),
(280, 'PAMPAN', 19),
(281, 'S RAFAEL CARVAJAL', 19),
(282, 'SUCRE', 19),
(283, 'ANDRES BELLO', 19),
(284, 'BOLIVAR', 19),
(285, 'JOSE F M CAÑIZAL', 19),
(286, 'JUAN V CAMPO ELI', 19),
(287, 'LA CEIBA', 19),
(288, 'PAMPANITO', 19),
(289, 'BOLIVAR', 20),
(290, 'BRUZUAL', 20),
(291, 'NIRGUA', 20),
(292, 'SAN FELIPE', 20),
(293, 'SUCRE', 20),
(294, 'URACHICHE', 20),
(295, 'PEÑA', 20),
(296, 'JOSE ANTONIO PAEZ', 20),
(297, 'LA TRINIDAD', 20),
(298, 'COCOROTE', 20),
(299, 'INDEPENDENCIA', 20),
(300, 'ARISTIDES BASTID', 20),
(301, 'MANUEL MONGE', 20),
(302, 'VEROES', 20),
(303, 'BARALT', 21),
(304, 'SANTA RITA', 21),
(305, 'COLON', 21),
(306, 'MARA', 21),
(307, 'MARACAIBO', 21),
(308, 'MIRANDA', 21),
(309, 'PAEZ', 21),
(310, 'MACHIQUES DE P', 21),
(311, 'SUCRE', 21),
(312, 'LA CAÑADA DE U.', 21),
(313, 'LAGUNILLAS', 21),
(314, 'CATATUMBO', 21),
(315, 'M/ROSARIO DE PERIJA', 21),
(316, 'CABIMAS', 21),
(317, 'VALMORE RODRIGUEZ', 21),
(318, 'JESUS E LOSSADA', 21),
(319, 'ALMIRANTE P', 21),
(320, 'SAN FRANCISCO', 21),
(321, 'JESUS M SEMPRUN', 21),
(322, 'FRANCISCO J PULG', 21),
(323, 'SIMON BOLIVAR', 21),
(324, 'ATURES', 22),
(325, 'ATABAPO', 22),
(326, 'MAROA', 22),
(327, 'RIO NEGRO', 22),
(328, 'AUTANA', 22),
(329, 'MANAPIARE', 22),
(330, 'ALTO ORINOCO', 22),
(331, 'TUCUPITA', 23),
(332, 'PEDERNALES', 23),
(333, 'ANTONIO DIAZ', 23),
(334, 'CASACOIMA', 23),
(335, 'VARGAS', 24);

-- --------------------------------------------------------

--
-- Estructura de tabla para la tabla `parroquia`
--

CREATE TABLE IF NOT EXISTS `parroquia` (
`id_parroquia` int(11) NOT NULL COMMENT 'Identificador de la parroquia',
  `parroquia` varchar(100) NOT NULL COMMENT 'Nombre de la parroquia',
  `municipio_id` int(11) NOT NULL DEFAULT '0' COMMENT 'Identificador del municipio al que pertenece la parroquia'
) ENGINE=InnoDB AUTO_INCREMENT=1135 DEFAULT CHARSET=latin1 COMMENT='Entidad que contiene informacion sobre parroquias. Desarrollado por Jose Rodriguez <josearodrigueze@gmail.com> @josearodrigueze';

--
-- Volcado de datos para la tabla `parroquia`
--

INSERT INTO `parroquia` (`id_parroquia`, `parroquia`, `municipio_id`) VALUES
(1, 'ALTAGRACIA', 1),
(2, 'CANDELARIA', 1),
(3, 'CATEDRAL', 1),
(4, 'LA PASTORA', 1),
(5, 'SAN AGUSTIN', 1),
(6, 'SAN JOSE', 1),
(7, 'SAN JUAN', 1),
(8, 'SANTA ROSALIA', 1),
(9, 'SANTA TERESA', 1),
(10, 'SUCRE', 1),
(11, '23 DE ENERO', 1),
(12, 'ANTIMANO', 1),
(13, 'EL RECREO', 1),
(14, 'EL VALLE', 1),
(15, 'LA VEGA', 1),
(16, 'MACARAO', 1),
(17, 'CARICUAO', 1),
(18, 'EL JUNQUITO', 1),
(19, 'COCHE', 1),
(20, 'SAN PEDRO', 1),
(21, 'SAN BERNARDINO', 1),
(22, 'EL PARAISO', 1),
(23, 'ANACO', 2),
(24, 'SAN JOAQUIN', 2),
(25, 'CM. ARAGUA DE BARCELONA', 3),
(26, 'CACHIPO', 3),
(27, 'EL CARMEN', 4),
(28, 'SAN CRISTOBAL', 4),
(29, 'BERGANTIN', 4),
(30, 'CAIGUA', 4),
(31, 'EL PILAR', 4),
(32, 'NARICUAL', 4),
(33, 'CM. CLARINES', 5),
(34, 'GUANAPE', 5),
(35, 'SABANA DE UCHIRE', 5),
(36, 'CM. ONOTO', 6),
(37, 'SAN PABLO', 6),
(38, 'CM. CANTAURA', 7),
(39, 'LIBERTADOR', 7),
(40, 'SANTA ROSA', 7),
(41, 'URICA', 7),
(42, 'CM. SOLEDAD', 8),
(43, 'MAMO', 8),
(44, 'CM. SAN MATEO', 9),
(45, 'EL CARITO', 9),
(46, 'SANTA INES', 9),
(47, 'CM. PARIAGUAN', 10),
(48, 'ATAPIRIRE', 10),
(49, 'BOCA DEL PAO', 10),
(50, 'EL PAO', 10),
(51, 'CM. MAPIRE', 11),
(52, 'PIAR', 11),
(53, 'SN DIEGO DE CABRUTICA', 11),
(54, 'SANTA CLARA', 11),
(55, 'UVERITO', 11),
(56, 'ZUATA', 11),
(57, 'CM. PUERTO PIRITU', 12),
(58, 'SAN MIGUEL', 12),
(59, 'SUCRE', 12),
(60, 'CM. EL TIGRE', 13),
(61, 'POZUELOS', 14),
(62, 'CM PTO. LA CRUZ', 14),
(63, 'CM. SAN JOSE DE GUANIPA', 15),
(64, 'GUANTA', 16),
(65, 'CHORRERON', 16),
(66, 'PIRITU', 17),
(67, 'SAN FRANCISCO', 17),
(68, 'LECHERIAS', 18),
(69, 'EL MORRO', 18),
(70, 'VALLE GUANAPE', 19),
(71, 'SANTA BARBARA', 19),
(72, 'SANTA ANA', 20),
(73, 'PUEBLO NUEVO', 20),
(74, 'EL CHAPARRO', 21),
(75, 'TOMAS ALFARO CALATRAVA', 21),
(76, 'BOCA UCHIRE', 22),
(77, 'BOCA DE CHAVEZ', 22),
(78, 'ACHAGUAS', 23),
(79, 'APURITO', 23),
(80, 'EL YAGUAL', 23),
(81, 'GUACHARA', 23),
(82, 'MUCURITAS', 23),
(83, 'QUESERAS DEL MEDIO', 23),
(84, 'BRUZUAL', 24),
(85, 'MANTECAL', 24),
(86, 'QUINTERO', 24),
(87, 'SAN VICENTE', 24),
(88, 'RINCON HONDO', 24),
(89, 'GUASDUALITO', 25),
(90, 'ARAMENDI', 25),
(91, 'EL AMPARO', 25),
(92, 'SAN CAMILO', 25),
(93, 'URDANETA', 25),
(94, 'SAN JUAN DE PAYARA', 26),
(95, 'CODAZZI', 26),
(96, 'CUNAVICHE', 26),
(97, 'ELORZA', 27),
(98, 'LA TRINIDAD', 27),
(99, 'SAN FERNANDO', 28),
(100, 'PEÑALVER', 28),
(101, 'EL RECREO', 28),
(102, 'SN RAFAEL DE ATAMAICA', 28),
(103, 'BIRUACA', 29),
(104, 'CM. LAS DELICIAS', 30),
(105, 'CHORONI', 30),
(106, 'MADRE MA DE SAN JOSE', 30),
(107, 'JOAQUIN CRESPO', 30),
(108, 'PEDRO JOSE OVALLES', 30),
(109, 'JOSE CASANOVA GODOY', 30),
(110, 'ANDRES ELOY BLANCO', 30),
(111, 'LOS TACARIGUAS', 30),
(112, 'CM. TURMERO', 31),
(113, 'SAMAN DE GUERE', 31),
(114, 'ALFREDO PACHECO M', 31),
(115, 'CHUAO', 31),
(116, 'AREVALO APONTE', 31),
(117, 'CM. LA VICTORIA', 32),
(118, 'ZUATA', 32),
(119, 'PAO DE ZARATE', 32),
(120, 'CASTOR NIEVES RIOS', 32),
(121, 'LAS GUACAMAYAS', 32),
(122, 'CM. SAN CASIMIRO', 33),
(123, 'VALLE MORIN', 33),
(124, 'GUIRIPA', 33),
(125, 'OLLAS DE CARAMACATE', 33),
(126, 'CM. SAN SEBASTIAN', 34),
(127, 'CM. CAGUA', 35),
(128, 'BELLA VISTA', 35),
(129, 'CM. BARBACOAS', 36),
(130, 'SAN FRANCISCO DE CARA', 36),
(131, 'TAGUAY', 36),
(132, 'LAS PEÑITAS', 36),
(133, 'CM. VILLA DE CURA', 37),
(134, 'MAGDALENO', 37),
(135, 'SAN FRANCISCO DE ASIS', 37),
(136, 'VALLES DE TUCUTUNEMO', 37),
(137, 'PQ AUGUSTO MIJARES', 37),
(138, 'CM. PALO NEGRO', 38),
(139, 'SAN MARTIN DE PORRES', 38),
(140, 'CM. SANTA CRUZ', 39),
(141, 'CM. SAN MATEO', 40),
(142, 'CM. LAS TEJERIAS', 41),
(143, 'TIARA', 41),
(144, 'CM. EL LIMON', 42),
(145, 'CA A DE AZUCAR', 42),
(146, 'CM. COLONIA TOVAR', 43),
(147, 'CM. CAMATAGUA', 44),
(148, 'CARMEN DE CURA', 44),
(149, 'CM. EL CONSEJO', 45),
(150, 'CM. SANTA RITA', 46),
(151, 'FRANCISCO DE MIRANDA', 46),
(152, 'MONS FELICIANO G', 46),
(153, 'OCUMARE DE LA COSTA', 47),
(154, 'ARISMENDI', 48),
(155, 'GUADARRAMA', 48),
(156, 'LA UNION', 48),
(157, 'SAN ANTONIO', 48),
(158, 'ALFREDO A LARRIVA', 49),
(159, 'BARINAS', 49),
(160, 'SAN SILVESTRE', 49),
(161, 'SANTA INES', 49),
(162, 'SANTA LUCIA', 49),
(163, 'TORUNOS', 49),
(164, 'EL CARMEN', 49),
(165, 'ROMULO BETANCOURT', 49),
(166, 'CORAZON DE JESUS', 49),
(167, 'RAMON I MENDEZ', 49),
(168, 'ALTO BARINAS', 49),
(169, 'MANUEL P FAJARDO', 49),
(170, 'JUAN A RODRIGUEZ D', 49),
(171, 'DOMINGA ORTIZ P', 49),
(172, 'ALTAMIRA', 50),
(173, 'BARINITAS', 50),
(174, 'CALDERAS', 50),
(175, 'SANTA BARBARA', 51),
(176, 'JOSE IGNACIO DEL PUMAR', 51),
(177, 'RAMON IGNACIO MENDEZ', 51),
(178, 'PEDRO BRICEÑO MENDEZ', 51),
(179, 'EL REAL', 52),
(180, 'LA LUZ', 52),
(181, 'OBISPOS', 52),
(182, 'LOS GUASIMITOS', 52),
(183, 'CIUDAD BOLIVIA', 53),
(184, 'IGNACIO BRICEÑO', 53),
(185, 'PAEZ', 53),
(186, 'JOSE FELIX RIBAS', 53),
(187, 'DOLORES', 54),
(188, 'LIBERTAD', 54),
(189, 'PALACIO FAJARDO', 54),
(190, 'SANTA ROSA', 54),
(191, 'CIUDAD DE NUTRIAS', 55),
(192, 'EL REGALO', 55),
(193, 'PUERTO DE NUTRIAS', 55),
(194, 'SANTA CATALINA', 55),
(195, 'RODRIGUEZ DOMINGUEZ', 56),
(196, 'SABANETA', 56),
(197, 'TICOPORO', 57),
(198, 'NICOLAS PULIDO', 57),
(199, 'ANDRES BELLO', 57),
(200, 'BARRANCAS', 58),
(201, 'EL SOCORRO', 58),
(202, 'MASPARRITO', 58),
(203, 'EL CANTON', 59),
(204, 'SANTA CRUZ DE GUACAS', 59),
(205, 'PUERTO VIVAS', 59),
(206, 'SIMON BOLIVAR', 60),
(207, 'ONCE DE ABRIL', 60),
(208, 'VISTA AL SOL', 60),
(209, 'CHIRICA', 60),
(210, 'DALLA COSTA', 60),
(211, 'CACHAMAY', 60),
(212, 'UNIVERSIDAD', 60),
(213, 'UNARE', 60),
(214, 'YOCOIMA', 60),
(215, 'POZO VERDE', 60),
(216, 'CM. CAICARA DEL ORINOCO', 61),
(217, 'ASCENSION FARRERAS', 61),
(218, 'ALTAGRACIA', 61),
(219, 'LA URBANA', 61),
(220, 'GUANIAMO', 61),
(221, 'PIJIGUAOS', 61),
(222, 'CATEDRAL', 62),
(223, 'AGUA SALADA', 62),
(224, 'LA SABANITA', 62),
(225, 'VISTA HERMOSA', 62),
(226, 'MARHUANTA', 62),
(227, 'JOSE ANTONIO PAEZ', 62),
(228, 'ORINOCO', 62),
(229, 'PANAPANA', 62),
(230, 'ZEA', 62),
(231, 'CM. UPATA', 63),
(232, 'ANDRES ELOY BLANCO', 63),
(233, 'PEDRO COVA', 63),
(234, 'CM. GUASIPATI', 64),
(235, 'SALOM', 64),
(236, 'CM. MARIPA', 65),
(237, 'ARIPAO', 65),
(238, 'LAS MAJADAS', 65),
(239, 'MOITACO', 65),
(240, 'GUARATARO', 65),
(241, 'CM. TUMEREMO', 66),
(242, 'DALLA COSTA', 66),
(243, 'SAN ISIDRO', 66),
(244, 'CM. CIUDAD PIAR', 67),
(245, 'SAN FRANCISCO', 67),
(246, 'BARCELONETA', 67),
(247, 'SANTA BARBARA', 67),
(248, 'CM. SANTA ELENA DE UAIREN', 68),
(249, 'IKABARU', 68),
(250, 'CM. EL CALLAO', 69),
(251, 'CM. EL PALMAR', 70),
(252, 'BEJUMA', 71),
(253, 'CANOABO', 71),
(254, 'SIMON BOLIVAR', 71),
(255, 'GUIGUE', 72),
(256, 'BELEN', 72),
(257, 'TACARIGUA', 72),
(258, 'MARIARA', 73),
(259, 'AGUAS CALIENTES', 73),
(260, 'GUACARA', 74),
(261, 'CIUDAD ALIANZA', 74),
(262, 'YAGUA', 74),
(263, 'MONTALBAN', 75),
(264, 'MORON', 76),
(265, 'URAMA', 76),
(266, 'DEMOCRACIA', 77),
(267, 'FRATERNIDAD', 77),
(268, 'GOAIGOAZA', 77),
(269, 'JUAN JOSE FLORES', 77),
(270, 'BARTOLOME SALOM', 77),
(271, 'UNION', 77),
(272, 'BORBURATA', 77),
(273, 'PATANEMO', 77),
(274, 'SAN JOAQUIN', 78),
(275, 'CANDELARIA', 79),
(276, 'CATEDRAL', 79),
(277, 'EL SOCORRO', 79),
(278, 'MIGUEL PEÑA', 79),
(279, 'SAN BLAS', 79),
(280, 'SAN JOSE', 79),
(281, 'SANTA ROSA', 79),
(282, 'RAFAEL URDANETA', 79),
(283, 'NEGRO PRIMERO', 79),
(284, 'MIRANDA', 80),
(285, 'U LOS GUAYOS', 81),
(286, 'NAGUANAGUA', 82),
(287, 'URB SAN DIEGO', 83),
(288, 'U TOCUYITO', 84),
(289, 'U INDEPENDENCIA', 84),
(290, 'COJEDES', 85),
(291, 'JUAN DE MATA SUAREZ', 85),
(292, 'TINAQUILLO', 86),
(293, 'EL BAUL', 87),
(294, 'SUCRE', 87),
(295, 'EL PAO', 88),
(296, 'LIBERTAD DE COJEDES', 89),
(297, 'EL AMPARO', 89),
(298, 'SAN CARLOS DE AUSTRIA', 90),
(299, 'JUAN ANGEL BRAVO', 90),
(300, 'MANUEL MANRIQUE', 90),
(301, 'GRL/JEFE JOSE L SILVA', 91),
(302, 'MACAPO', 92),
(303, 'LA AGUADITA', 92),
(304, 'ROMULO GALLEGOS', 93),
(305, 'SAN JUAN DE LOS CAYOS', 94),
(306, 'CAPADARE', 94),
(307, 'LA PASTORA', 94),
(308, 'LIBERTADOR', 94),
(309, 'SAN LUIS', 95),
(310, 'ARACUA', 95),
(311, 'LA PEÑA', 95),
(312, 'CAPATARIDA', 96),
(313, 'BOROJO', 96),
(314, 'SEQUE', 96),
(315, 'ZAZARIDA', 96),
(316, 'BARIRO', 96),
(317, 'GUAJIRO', 96),
(318, 'NORTE', 97),
(319, 'CARIRUBANA', 97),
(320, 'PUNTA CARDON', 97),
(321, 'SANTA ANA', 97),
(322, 'LA VELA DE CORO', 98),
(323, 'ACURIGUA', 98),
(324, 'GUAIBACOA', 98),
(325, 'MACORUCA', 98),
(326, 'LAS CALDERAS', 98),
(327, 'PEDREGAL', 99),
(328, 'AGUA CLARA', 99),
(329, 'AVARIA', 99),
(330, 'PIEDRA GRANDE', 99),
(331, 'PURURECHE', 99),
(332, 'PUEBLO NUEVO', 100),
(333, 'ADICORA', 100),
(334, 'BARAIVED', 100),
(335, 'BUENA VISTA', 100),
(336, 'JADACAQUIVA', 100),
(337, 'MORUY', 100),
(338, 'EL VINCULO', 100),
(339, 'EL HATO', 100),
(340, 'ADAURE', 100),
(341, 'CHURUGUARA', 101),
(342, 'AGUA LARGA', 101),
(343, 'INDEPENDENCIA', 101),
(344, 'MAPARARI', 101),
(345, 'EL PAUJI', 101),
(346, 'MENE DE MAUROA', 102),
(347, 'CASIGUA', 102),
(348, 'SAN FELIX', 102),
(349, 'SAN ANTONIO', 103),
(350, 'SAN GABRIEL', 103),
(351, 'SANTA ANA', 103),
(352, 'GUZMAN GUILLERMO', 103),
(353, 'MITARE', 103),
(354, 'SABANETA', 103),
(355, 'RIO SECO', 103),
(356, 'CABURE', 104),
(357, 'CURIMAGUA', 104),
(358, 'COLINA', 104),
(359, 'TUCACAS', 105),
(360, 'BOCA DE AROA', 105),
(361, 'PUERTO CUMAREBO', 106),
(362, 'LA CIENAGA', 106),
(363, 'LA SOLEDAD', 106),
(364, 'PUEBLO CUMAREBO', 106),
(365, 'ZAZARIDA', 106),
(366, 'CM. DABAJURO', 107),
(367, 'CHICHIRIVICHE', 108),
(368, 'BOCA DE TOCUYO', 108),
(369, 'TOCUYO DE LA COSTA', 108),
(370, 'LOS TAQUES', 109),
(371, 'JUDIBANA', 109),
(372, 'PIRITU', 110),
(373, 'SAN JOSE DE LA COSTA', 110),
(374, 'STA.CRUZ DE BUCARAL', 111),
(375, 'EL CHARAL', 111),
(376, 'LAS VEGAS DEL TUY', 111),
(377, 'CM. MIRIMIRE', 112),
(378, 'JACURA', 113),
(379, 'AGUA LINDA', 113),
(380, 'ARAURIMA', 113),
(381, 'CM. YARACAL', 114),
(382, 'CM. PALMA SOLA', 115),
(383, 'SUCRE', 116),
(384, 'PECAYA', 116),
(385, 'URUMACO', 117),
(386, 'BRUZUAL', 117),
(387, 'CM. TOCOPERO', 118),
(388, 'VALLE DE LA PASCUA', 119),
(389, 'ESPINO', 119),
(390, 'EL SOMBRERO', 120),
(391, 'SOSA', 120),
(392, 'CALABOZO', 121),
(393, 'EL CALVARIO', 121),
(394, 'EL RASTRO', 121),
(395, 'GUARDATINAJAS', 121),
(396, 'ALTAGRACIA DE ORITUCO', 122),
(397, 'LEZAMA', 122),
(398, 'LIBERTAD DE ORITUCO', 122),
(399, 'SAN FCO DE MACAIRA', 122),
(400, 'SAN RAFAEL DE ORITUCO', 122),
(401, 'SOUBLETTE', 122),
(402, 'PASO REAL DE MACAIRA', 122),
(403, 'TUCUPIDO', 123),
(404, 'SAN RAFAEL DE LAYA', 123),
(405, 'SAN JUAN DE LOS MORROS', 124),
(406, 'PARAPARA', 124),
(407, 'CANTAGALLO', 124),
(408, 'ZARAZA', 125),
(409, 'SAN JOSE DE UNARE', 125),
(410, 'CAMAGUAN', 126),
(411, 'PUERTO MIRANDA', 126),
(412, 'UVERITO', 126),
(413, 'SAN JOSE DE GUARIBE', 127),
(414, 'LAS MERCEDES', 128),
(415, 'STA RITA DE MANAPIRE', 128),
(416, 'CABRUTA', 128),
(417, 'EL SOCORRO', 129),
(418, 'ORTIZ', 130),
(419, 'SAN FCO. DE TIZNADOS', 130),
(420, 'SAN JOSE DE TIZNADOS', 130),
(421, 'S LORENZO DE TIZNADOS', 130),
(422, 'SANTA MARIA DE IPIRE', 131),
(423, 'ALTAMIRA', 131),
(424, 'CHAGUARAMAS', 132),
(425, 'GUAYABAL', 133),
(426, 'CAZORLA', 133),
(427, 'FREITEZ', 134),
(428, 'JOSE MARIA BLANCO', 134),
(429, 'CATEDRAL', 135),
(430, 'LA CONCEPCION', 135),
(431, 'SANTA ROSA', 135),
(432, 'UNION', 135),
(433, 'EL CUJI', 135),
(434, 'TAMACA', 135),
(435, 'JUAN DE VILLEGAS', 135),
(436, 'AGUEDO F. ALVARADO', 135),
(437, 'BUENA VISTA', 135),
(438, 'JUAREZ', 135),
(439, 'JUAN B RODRIGUEZ', 136),
(440, 'DIEGO DE LOZADA', 136),
(441, 'SAN MIGUEL', 136),
(442, 'CUARA', 136),
(443, 'PARAISO DE SAN JOSE', 136),
(444, 'TINTORERO', 136),
(445, 'JOSE BERNARDO DORANTE', 136),
(446, 'CRNEL. MARIANO PERAZA', 136),
(447, 'BOLIVAR', 137),
(448, 'ANZOATEGUI', 137),
(449, 'GUARICO', 137),
(450, 'HUMOCARO ALTO', 137),
(451, 'HUMOCARO BAJO', 137),
(452, 'MORAN', 137),
(453, 'HILARIO LUNA Y LUNA', 137),
(454, 'LA CANDELARIA', 137),
(455, 'CABUDARE', 138),
(456, 'JOSE G. BASTIDAS', 138),
(457, 'AGUA VIVA', 138),
(458, 'TRINIDAD SAMUEL', 139),
(459, 'ANTONIO DIAZ', 139),
(460, 'CAMACARO', 139),
(461, 'CASTAÑEDA', 139),
(462, 'CHIQUINQUIRA', 139),
(463, 'ESPINOZA LOS MONTEROS', 139),
(464, 'LARA', 139),
(465, 'MANUEL MORILLO', 139),
(466, 'MONTES DE OCA', 139),
(467, 'TORRES', 139),
(468, 'EL BLANCO', 139),
(469, 'MONTA A VERDE', 139),
(470, 'HERIBERTO ARROYO', 139),
(471, 'LAS MERCEDES', 139),
(472, 'CECILIO ZUBILLAGA', 139),
(473, 'REYES VARGAS', 139),
(474, 'ALTAGRACIA', 139),
(475, 'SIQUISIQUE', 140),
(476, 'SAN MIGUEL', 140),
(477, 'XAGUAS', 140),
(478, 'MOROTURO', 140),
(479, 'PIO TAMAYO', 141),
(480, 'YACAMBU', 141),
(481, 'QBDA. HONDA DE GUACHE', 141),
(482, 'SARARE', 142),
(483, 'GUSTAVO VEGAS LEON', 142),
(484, 'BURIA', 142),
(485, 'GABRIEL PICON G.', 143),
(486, 'HECTOR AMABLE MORA', 143),
(487, 'JOSE NUCETE SARDI', 143),
(488, 'PULIDO MENDEZ', 143),
(489, 'PTE. ROMULO GALLEGOS', 143),
(490, 'PRESIDENTE BETANCOURT', 143),
(491, 'PRESIDENTE PAEZ', 143),
(492, 'CM. LA AZULITA', 144),
(493, 'CM. CANAGUA', 145),
(494, 'CAPURI', 145),
(495, 'CHACANTA', 145),
(496, 'EL MOLINO', 145),
(497, 'GUAIMARAL', 145),
(498, 'MUCUTUY', 145),
(499, 'MUCUCHACHI', 145),
(500, 'ACEQUIAS', 146),
(501, 'JAJI', 146),
(502, 'LA MESA', 146),
(503, 'SAN JOSE', 146),
(504, 'MONTALBAN', 146),
(505, 'MATRIZ', 146),
(506, 'FERNANDEZ PEÑA', 146),
(507, 'CM. GUARAQUE', 147),
(508, 'MESA DE QUINTERO', 147),
(509, 'RIO NEGRO', 147),
(510, 'CM. ARAPUEY', 148),
(511, 'PALMIRA', 148),
(512, 'CM. TORONDOY', 149),
(513, 'SAN CRISTOBAL DE T', 149),
(514, 'ARIAS', 150),
(515, 'SAGRARIO', 150),
(516, 'MILLA', 150),
(517, 'EL LLANO', 150),
(518, 'JUAN RODRIGUEZ SUAREZ', 150),
(519, 'JACINTO PLAZA', 150),
(520, 'DOMINGO PEÑA', 150),
(521, 'GONZALO PICON FEBRES', 150),
(522, 'OSUNA RODRIGUEZ', 150),
(523, 'LASSO DE LA VEGA', 150),
(524, 'CARACCIOLO PARRA P', 150),
(525, 'MARIANO PICON SALAS', 150),
(526, 'ANTONIO SPINETTI DINI', 150),
(527, 'EL MORRO', 150),
(528, 'LOS NEVADOS', 150),
(529, 'CM. TABAY', 151),
(530, 'CM. TIMOTES', 152),
(531, 'ANDRES ELOY BLANCO', 152),
(532, 'PIÑANGO', 152),
(533, 'LA VENTA', 152),
(534, 'CM. STA CRUZ DE MORA', 153),
(535, 'MESA BOLIVAR', 153),
(536, 'MESA DE LAS PALMAS', 153),
(537, 'CM. STA ELENA DE ARENALES', 154),
(538, 'ELOY PAREDES', 154),
(539, 'PQ R DE ALCAZAR', 154),
(540, 'CM. TUCANI', 155),
(541, 'FLORENCIO RAMIREZ', 155),
(542, 'CM. SANTO DOMINGO', 156),
(543, 'LAS PIEDRAS', 156),
(544, 'CM. PUEBLO LLANO', 157),
(545, 'CM. MUCUCHIES', 158),
(546, 'MUCURUBA', 158),
(547, 'SAN RAFAEL', 158),
(548, 'CACUTE', 158),
(549, 'LA TOMA', 158),
(550, 'CM. BAILADORES', 159),
(551, 'GERONIMO MALDONADO', 159),
(552, 'CM. LAGUNILLAS', 160),
(553, 'CHIGUARA', 160),
(554, 'ESTANQUES', 160),
(555, 'SAN JUAN', 160),
(556, 'PUEBLO NUEVO DEL SUR', 160),
(557, 'LA TRAMPA', 160),
(558, 'EL LLANO', 161),
(559, 'TOVAR', 161),
(560, 'EL AMPARO', 161),
(561, 'SAN FRANCISCO', 161),
(562, 'CM. NUEVA BOLIVIA', 162),
(563, 'INDEPENDENCIA', 162),
(564, 'MARIA C PALACIOS', 162),
(565, 'SANTA APOLONIA', 162),
(566, 'CM. STA MARIA DE CAPARO', 163),
(567, 'CM. ARICAGUA', 164),
(568, 'SAN ANTONIO', 164),
(569, 'CM. ZEA', 165),
(570, 'CAÑO EL TIGRE', 165),
(571, 'CAUCAGUA', 166),
(572, 'ARAGUITA', 166),
(573, 'AREVALO GONZALEZ', 166),
(574, 'CAPAYA', 166),
(575, 'PANAQUIRE', 166),
(576, 'RIBAS', 166),
(577, 'EL CAFE', 166),
(578, 'MARIZAPA', 166),
(579, 'HIGUEROTE', 167),
(580, 'CURIEPE', 167),
(581, 'TACARIGUA', 167),
(582, 'LOS TEQUES', 168),
(583, 'CECILIO ACOSTA', 168),
(584, 'PARACOTOS', 168),
(585, 'SAN PEDRO', 168),
(586, 'TACATA', 168),
(587, 'EL JARILLO', 168),
(588, 'ALTAGRACIA DE LA M', 168),
(589, 'STA TERESA DEL TUY', 169),
(590, 'EL CARTANAL', 169),
(591, 'OCUMARE DEL TUY', 170),
(592, 'LA DEMOCRACIA', 170),
(593, 'SANTA BARBARA', 170),
(594, 'RIO CHICO', 171),
(595, 'EL GUAPO', 171),
(596, 'TACARIGUA DE LA LAGUNA', 171),
(597, 'PAPARO', 171),
(598, 'SN FERNANDO DEL GUAPO', 171),
(599, 'SANTA LUCIA', 172),
(600, 'GUARENAS', 173),
(601, 'PETARE', 174),
(602, 'LEONCIO MARTINEZ', 174),
(603, 'CAUCAGUITA', 174),
(604, 'FILAS DE MARICHES', 174),
(605, 'LA DOLORITA', 174),
(606, 'CUA', 175),
(607, 'NUEVA CUA', 175),
(608, 'GUATIRE', 176),
(609, 'BOLIVAR', 176),
(610, 'CHARALLAVE', 177),
(611, 'LAS BRISAS', 177),
(612, 'SAN ANTONIO LOS ALTOS', 178),
(613, 'SAN JOSE DE BARLOVENTO', 179),
(614, 'CUMBO', 179),
(615, 'SAN FCO DE YARE', 180),
(616, 'S ANTONIO DE YARE', 180),
(617, 'BARUTA', 181),
(618, 'EL CAFETAL', 181),
(619, 'LAS MINAS DE BARUTA', 181),
(620, 'CARRIZAL', 182),
(621, 'CHACAO', 183),
(622, 'EL HATILLO', 184),
(623, 'MAMPORAL', 185),
(624, 'CUPIRA', 186),
(625, 'MACHURUCUTO', 186),
(626, 'CM. SAN ANTONIO', 187),
(627, 'SAN FRANCISCO', 187),
(628, 'CM. CARIPITO', 188),
(629, 'CM. CARIPE', 189),
(630, 'TERESEN', 189),
(631, 'EL GUACHARO', 189),
(632, 'SAN AGUSTIN', 189),
(633, 'LA GUANOTA', 189),
(634, 'SABANA DE PIEDRA', 189),
(635, 'CM. CAICARA', 190),
(636, 'AREO', 190),
(637, 'SAN FELIX', 190),
(638, 'VIENTO FRESCO', 190),
(639, 'CM. PUNTA DE MATA', 191),
(640, 'EL TEJERO', 191),
(641, 'CM. TEMBLADOR', 192),
(642, 'TABASCA', 192),
(643, 'LAS ALHUACAS', 192),
(644, 'CHAGUARAMAS', 192),
(645, 'EL FURRIAL', 193),
(646, 'JUSEPIN', 193),
(647, 'EL COROZO', 193),
(648, 'SAN VICENTE', 193),
(649, 'LA PICA', 193),
(650, 'ALTO DE LOS GODOS', 193),
(651, 'BOQUERON', 193),
(652, 'LAS COCUIZAS', 193),
(653, 'SANTA CRUZ', 193),
(654, 'SAN SIMON', 193),
(655, 'CM. ARAGUA', 194),
(656, 'CHAGUARAMAL', 194),
(657, 'GUANAGUANA', 194),
(658, 'APARICIO', 194),
(659, 'TAGUAYA', 194),
(660, 'EL PINTO', 194),
(661, 'LA TOSCANA', 194),
(662, 'CM. QUIRIQUIRE', 195),
(663, 'CACHIPO', 195),
(664, 'CM. BARRANCAS', 196),
(665, 'LOS BARRANCOS DE FAJARDO', 196),
(666, 'CM. AGUASAY', 197),
(667, 'CM. SANTA BARBARA', 198),
(668, 'CM. URACOA', 199),
(669, 'CM. LA ASUNCION', 200),
(670, 'CM. SAN JUAN BAUTISTA', 201),
(671, 'ZABALA', 201),
(672, 'CM. SANTA ANA', 202),
(673, 'GUEVARA', 202),
(674, 'MATASIETE', 202),
(675, 'BOLIVAR', 202),
(676, 'SUCRE', 202),
(677, 'CM. PAMPATAR', 203),
(678, 'AGUIRRE', 203),
(679, 'CM. JUAN GRIEGO', 204),
(680, 'ADRIAN', 204),
(681, 'CM. PORLAMAR', 205),
(682, 'CM. BOCA DEL RIO', 206),
(683, 'SAN FRANCISCO', 206),
(684, 'CM. SAN PEDRO DE COCHE', 207),
(685, 'VICENTE FUENTES', 207),
(686, 'CM. PUNTA DE PIEDRAS', 208),
(687, 'LOS BARALES', 208),
(688, 'CM.LA PLAZA DE PARAGUACHI', 209),
(689, 'CM. VALLE ESP SANTO', 210),
(690, 'FRANCISCO FAJARDO', 210),
(691, 'CM. ARAURE', 211),
(692, 'RIO ACARIGUA', 211),
(693, 'CM. PIRITU', 212),
(694, 'UVERAL', 212),
(695, 'CM. GUANARE', 213),
(696, 'CORDOBA', 213),
(697, 'SAN JUAN GUANAGUANARE', 213),
(698, 'VIRGEN DE LA COROMOTO', 213),
(699, 'SAN JOSE DE LA MONTAÑA', 213),
(700, 'CM. GUANARITO', 214),
(701, 'TRINIDAD DE LA CAPILLA', 214),
(702, 'DIVINA PASTORA', 214),
(703, 'CM. OSPINO', 215),
(704, 'APARICION', 215),
(705, 'LA ESTACION', 215),
(706, 'CM. ACARIGUA', 216),
(707, 'PAYARA', 216),
(708, 'PIMPINELA', 216),
(709, 'RAMON PERAZA', 216),
(710, 'CM. BISCUCUY', 217),
(711, 'CONCEPCION', 217),
(712, 'SAN RAFAEL PALO ALZADO', 217),
(713, 'UVENCIO A VELASQUEZ', 217),
(714, 'SAN JOSE DE SAGUAZ', 217),
(715, 'VILLA ROSA', 217),
(716, 'CM. VILLA BRUZUAL', 218),
(717, 'CANELONES', 218),
(718, 'SANTA CRUZ', 218),
(719, 'SAN ISIDRO LABRADOR', 218),
(720, 'CM. CHABASQUEN', 219),
(721, 'PEÑA BLANCA', 219),
(722, 'CM. AGUA BLANCA', 220),
(723, 'CM. PAPELON', 221),
(724, 'CAÑO DELGADITO', 221),
(725, 'CM. BOCONOITO', 222),
(726, 'ANTOLIN TOVAR AQUINO', 222),
(727, 'CM. SAN RAFAEL DE ONOTO', 223),
(728, 'SANTA FE', 223),
(729, 'THERMO MORLES', 223),
(730, 'CM. EL PLAYON', 224),
(731, 'FLORIDA', 224),
(732, 'RIO CARIBE', 225),
(733, 'SAN JUAN GALDONAS', 225),
(734, 'PUERTO SANTO', 225),
(735, 'EL MORRO DE PTO SANTO', 225),
(736, 'ANTONIO JOSE DE SUCRE', 225),
(737, 'EL PILAR', 226),
(738, 'EL RINCON', 226),
(739, 'GUARAUNOS', 226),
(740, 'TUNAPUICITO', 226),
(741, 'UNION', 226),
(742, 'GRAL FCO. A VASQUEZ', 226),
(743, 'SANTA CATALINA', 227),
(744, 'SANTA ROSA', 227),
(745, 'SANTA TERESA', 227),
(746, 'BOLIVAR', 227),
(747, 'MACARAPANA', 227),
(748, 'YAGUARAPARO', 228),
(749, 'LIBERTAD', 228),
(750, 'PAUJIL', 228),
(751, 'IRAPA', 229),
(752, 'CAMPO CLARO', 229),
(753, 'SORO', 229),
(754, 'SAN ANTONIO DE IRAPA', 229),
(755, 'MARABAL', 229),
(756, 'CM. SAN ANT DEL GOLFO', 230),
(757, 'CUMANACOA', 231),
(758, 'ARENAS', 231),
(759, 'ARICAGUA', 231),
(760, 'COCOLLAR', 231),
(761, 'SAN FERNANDO', 231),
(762, 'SAN LORENZO', 231),
(763, 'CARIACO', 232),
(764, 'CATUARO', 232),
(765, 'RENDON', 232),
(766, 'SANTA CRUZ', 232),
(767, 'SANTA MARIA', 232),
(768, 'ALTAGRACIA', 233),
(769, 'AYACUCHO', 233),
(770, 'SANTA INES', 233),
(771, 'VALENTIN VALIENTE', 233),
(772, 'SAN JUAN', 233),
(773, 'GRAN MARISCAL', 233),
(774, 'RAUL LEONI', 233),
(775, 'GUIRIA', 234),
(776, 'CRISTOBAL COLON', 234),
(777, 'PUNTA DE PIEDRA', 234),
(778, 'BIDEAU', 234),
(779, 'MARIÑO', 235),
(780, 'ROMULO GALLEGOS', 235),
(781, 'TUNAPUY', 236),
(782, 'CAMPO ELIAS', 236),
(783, 'SAN JOSE DE AREOCUAR', 237),
(784, 'TAVERA ACOSTA', 237),
(785, 'CM. MARIGUITAR', 238),
(786, 'ARAYA', 239),
(787, 'MANICUARE', 239),
(788, 'CHACOPATA', 239),
(789, 'CM. COLON', 240),
(790, 'RIVAS BERTI', 240),
(791, 'SAN PEDRO DEL RIO', 240),
(792, 'CM. SAN ANT DEL TACHIRA', 241),
(793, 'PALOTAL', 241),
(794, 'JUAN VICENTE GOMEZ', 241),
(795, 'ISAIAS MEDINA ANGARIT', 241),
(796, 'CM. CAPACHO NUEVO', 242),
(797, 'JUAN GERMAN ROSCIO', 242),
(798, 'ROMAN CARDENAS', 242),
(799, 'CM. TARIBA', 243),
(800, 'LA FLORIDA', 243),
(801, 'AMENODORO RANGEL LAMU', 243),
(802, 'CM. LA GRITA', 244),
(803, 'EMILIO C. GUERRERO', 244),
(804, 'MONS. MIGUEL A SALAS', 244),
(805, 'CM. RUBIO', 245),
(806, 'BRAMON', 245),
(807, 'LA PETROLEA', 245),
(808, 'QUINIMARI', 245),
(809, 'CM. LOBATERA', 246),
(810, 'CONSTITUCION', 246),
(811, 'LA CONCORDIA', 247),
(812, 'PEDRO MARIA MORANTES', 247),
(813, 'SN JUAN BAUTISTA', 247),
(814, 'SAN SEBASTIAN', 247),
(815, 'DR. FCO. ROMERO LOBO', 247),
(816, 'CM. PREGONERO', 248),
(817, 'CARDENAS', 248),
(818, 'POTOSI', 248),
(819, 'JUAN PABLO PEÑALOZA', 248),
(820, 'CM. STA. ANA  DEL TACHIRA', 249),
(821, 'CM. LA FRIA', 250),
(822, 'BOCA DE GRITA', 250),
(823, 'JOSE ANTONIO PAEZ', 250),
(824, 'CM. PALMIRA', 251),
(825, 'CM. MICHELENA', 252),
(826, 'CM. ABEJALES', 253),
(827, 'SAN JOAQUIN DE NAVAY', 253),
(828, 'DORADAS', 253),
(829, 'EMETERIO OCHOA', 253),
(830, 'CM. COLONCITO', 254),
(831, 'LA PALMITA', 254),
(832, 'CM. UREÑA', 255),
(833, 'NUEVA ARCADIA', 255),
(834, 'CM. QUENIQUEA', 256),
(835, 'SAN PABLO', 256),
(836, 'ELEAZAR LOPEZ CONTRERA', 256),
(837, 'CM. CORDERO', 257),
(838, 'CM.SAN RAFAEL DEL PINAL', 258),
(839, 'SANTO DOMINGO', 258),
(840, 'ALBERTO ADRIANI', 258),
(841, 'CM. CAPACHO VIEJO', 259),
(842, 'CIPRIANO CASTRO', 259),
(843, 'MANUEL FELIPE RUGELES', 259),
(844, 'CM. LA TENDIDA', 260),
(845, 'BOCONO', 260),
(846, 'HERNANDEZ', 260),
(847, 'CM. SEBORUCO', 261),
(848, 'CM. LAS MESAS', 262),
(849, 'CM. SAN JOSE DE BOLIVAR', 263),
(850, 'CM. EL COBRE', 264),
(851, 'CM. DELICIAS', 265),
(852, 'CM. SAN SIMON', 266),
(853, 'CM. SAN JOSECITO', 267),
(854, 'CM. UMUQUENA', 268),
(855, 'BETIJOQUE', 269),
(856, 'JOSE G HERNANDEZ', 269),
(857, 'LA PUEBLITA', 269),
(858, 'EL CEDRO', 269),
(859, 'BOCONO', 270),
(860, 'EL CARMEN', 270),
(861, 'MOSQUEY', 270),
(862, 'AYACUCHO', 270),
(863, 'BURBUSAY', 270),
(864, 'GENERAL RIVAS', 270),
(865, 'MONSEÑOR JAUREGUI', 270),
(866, 'RAFAEL RANGEL', 270),
(867, 'SAN JOSE', 270),
(868, 'SAN MIGUEL', 270),
(869, 'GUARAMACAL', 270),
(870, 'LA VEGA DE GUARAMACAL', 270),
(871, 'CARACHE', 271),
(872, 'LA CONCEPCION', 271),
(873, 'CUICAS', 271),
(874, 'PANAMERICANA', 271),
(875, 'SANTA CRUZ', 271),
(876, 'ESCUQUE', 272),
(877, 'SABANA LIBRE', 272),
(878, 'LA UNION', 272),
(879, 'SANTA RITA', 272),
(880, 'CRISTOBAL MENDOZA', 273),
(881, 'CHIQUINQUIRA', 273),
(882, 'MATRIZ', 273),
(883, 'MONSEÑOR CARRILLO', 273),
(884, 'CRUZ CARRILLO', 273),
(885, 'ANDRES LINARES', 273),
(886, 'TRES ESQUINAS', 273),
(887, 'LA QUEBRADA', 274),
(888, 'JAJO', 274),
(889, 'LA MESA', 274),
(890, 'SANTIAGO', 274),
(891, 'CABIMBU', 274),
(892, 'TUÑAME', 274),
(893, 'MERCEDES DIAZ', 275),
(894, 'JUAN IGNACIO MONTILLA', 275),
(895, 'LA BEATRIZ', 275),
(896, 'MENDOZA', 275),
(897, 'LA PUERTA', 275),
(898, 'SAN LUIS', 275),
(899, 'CHEJENDE', 276),
(900, 'CARRILLO', 276),
(901, 'CEGARRA', 276),
(902, 'BOLIVIA', 276),
(903, 'MANUEL SALVADOR ULLOA', 276),
(904, 'SAN JOSE', 276),
(905, 'ARNOLDO GABALDON', 276),
(906, 'EL DIVIDIVE', 277),
(907, 'AGUA CALIENTE', 277),
(908, 'EL CENIZO', 277),
(909, 'AGUA SANTA', 277),
(910, 'VALERITA', 277),
(911, 'MONTE CARMELO', 278),
(912, 'BUENA VISTA', 278),
(913, 'STA MARIA DEL HORCON', 278),
(914, 'MOTATAN', 279),
(915, 'EL BAÑO', 279),
(916, 'JALISCO', 279),
(917, 'PAMPAN', 280),
(918, 'SANTA ANA', 280),
(919, 'LA PAZ', 280),
(920, 'FLOR DE PATRIA', 280),
(921, 'CARVAJAL', 281),
(922, 'ANTONIO N BRICEÑO', 281),
(923, 'CAMPO ALEGRE', 281),
(924, 'JOSE LEONARDO SUAREZ', 281),
(925, 'SABANA DE MENDOZA', 282),
(926, 'JUNIN', 282),
(927, 'VALMORE RODRIGUEZ', 282),
(928, 'EL PARAISO', 282),
(929, 'SANTA ISABEL', 283),
(930, 'ARAGUANEY', 283),
(931, 'EL JAGUITO', 283),
(932, 'LA ESPERANZA', 283),
(933, 'SABANA GRANDE', 284),
(934, 'CHEREGUE', 284),
(935, 'GRANADOS', 284),
(936, 'EL SOCORRO', 285),
(937, 'LOS CAPRICHOS', 285),
(938, 'ANTONIO JOSE DE SUCRE', 285),
(939, 'CAMPO ELIAS', 286),
(940, 'ARNOLDO GABALDON', 286),
(941, 'SANTA APOLONIA', 287),
(942, 'LA CEIBA', 287),
(943, 'EL PROGRESO', 287),
(944, 'TRES DE FEBRERO', 287),
(945, 'PAMPANITO', 288),
(946, 'PAMPANITO II', 288),
(947, 'LA CONCEPCION', 288),
(948, 'CM. AROA', 289),
(949, 'CM. CHIVACOA', 290),
(950, 'CAMPO ELIAS', 290),
(951, 'CM. NIRGUA', 291),
(952, 'SALOM', 291),
(953, 'TEMERLA', 291),
(954, 'CM. SAN FELIPE', 292),
(955, 'ALBARICO', 292),
(956, 'SAN JAVIER', 292),
(957, 'CM. GUAMA', 293),
(958, 'CM. URACHICHE', 294),
(959, 'CM. YARITAGUA', 295),
(960, 'SAN ANDRES', 295),
(961, 'CM. SABANA DE PARRA', 296),
(962, 'CM. BORAURE', 297),
(963, 'CM. COCOROTE', 298),
(964, 'CM. INDEPENDENCIA', 299),
(965, 'CM. SAN PABLO', 300),
(966, 'CM. YUMARE', 301),
(967, 'CM. FARRIAR', 302),
(968, 'EL GUAYABO', 302),
(969, 'GENERAL URDANETA', 303),
(970, 'LIBERTADOR', 303),
(971, 'MANUEL GUANIPA MATOS', 303),
(972, 'MARCELINO BRICEÑO', 303),
(973, 'SAN TIMOTEO', 303),
(974, 'PUEBLO NUEVO', 303),
(975, 'PEDRO LUCAS URRIBARRI', 304),
(976, 'SANTA RITA', 304),
(977, 'JOSE CENOVIO URRIBARR', 304),
(978, 'EL MENE', 304),
(979, 'SANTA CRUZ DEL ZULIA', 305),
(980, 'URRIBARRI', 305),
(981, 'MORALITO', 305),
(982, 'SAN CARLOS DEL ZULIA', 305),
(983, 'SANTA BARBARA', 305),
(984, 'LUIS DE VICENTE', 306),
(985, 'RICAURTE', 306),
(986, 'MONS.MARCOS SERGIO G', 306),
(987, 'SAN RAFAEL', 306),
(988, 'LAS PARCELAS', 306),
(989, 'TAMARE', 306),
(990, 'LA SIERRITA', 306),
(991, 'BOLIVAR', 307),
(992, 'COQUIVACOA', 307),
(993, 'CRISTO DE ARANZA', 307),
(994, 'CHIQUINQUIRA', 307),
(995, 'SANTA LUCIA', 307),
(996, 'OLEGARIO VILLALOBOS', 307),
(997, 'JUANA DE AVILA', 307),
(998, 'CARACCIOLO PARRA PEREZ', 307),
(999, 'IDELFONZO VASQUEZ', 307),
(1000, 'CACIQUE MARA', 307),
(1001, 'CECILIO ACOSTA', 307),
(1002, 'RAUL LEONI', 307),
(1003, 'FRANCISCO EUGENIO B', 307),
(1004, 'MANUEL DAGNINO', 307),
(1005, 'LUIS HURTADO HIGUERA', 307),
(1006, 'VENANCIO PULGAR', 307),
(1007, 'ANTONIO BORJAS ROMERO', 307),
(1008, 'SAN ISIDRO', 307),
(1009, 'FARIA', 308),
(1010, 'SAN ANTONIO', 308),
(1011, 'ANA MARIA CAMPOS', 308),
(1012, 'SAN JOSE', 308),
(1013, 'ALTAGRACIA', 308),
(1014, 'GOAJIRA', 309),
(1015, 'ELIAS SANCHEZ RUBIO', 309),
(1016, 'SINAMAICA', 309),
(1017, 'ALTA GUAJIRA', 309),
(1018, 'SAN JOSE DE PERIJA', 310),
(1019, 'BARTOLOME DE LAS CASAS', 310),
(1020, 'LIBERTAD', 310),
(1021, 'RIO NEGRO', 310),
(1022, 'GIBRALTAR', 311),
(1023, 'HERAS', 311),
(1024, 'M.ARTURO CELESTINO A', 311),
(1025, 'ROMULO GALLEGOS', 311),
(1026, 'BOBURES', 311),
(1027, 'EL BATEY', 311),
(1028, 'ANDRES BELLO (KM 48)', 312),
(1029, 'POTRERITOS', 312),
(1030, 'EL CARMELO', 312),
(1031, 'CHIQUINQUIRA', 312),
(1032, 'CONCEPCION', 312),
(1033, 'ELEAZAR LOPEZ C', 313),
(1034, 'ALONSO DE OJEDA', 313),
(1035, 'VENEZUELA', 313),
(1036, 'CAMPO LARA', 313),
(1037, 'LIBERTAD', 313),
(1038, 'UDON PEREZ', 314),
(1039, 'ENCONTRADOS', 314),
(1040, 'DONALDO GARCIA', 315),
(1041, 'SIXTO ZAMBRANO', 315),
(1042, 'EL ROSARIO', 315),
(1043, 'AMBROSIO', 316),
(1044, 'GERMAN RIOS LINARES', 316),
(1045, 'JORGE HERNANDEZ', 316),
(1046, 'LA ROSA', 316),
(1047, 'PUNTA GORDA', 316),
(1048, 'CARMEN HERRERA', 316),
(1049, 'SAN BENITO', 316),
(1050, 'ROMULO BETANCOURT', 316),
(1051, 'ARISTIDES CALVANI', 316),
(1052, 'RAUL CUENCA', 317),
(1053, 'LA VICTORIA', 317),
(1054, 'RAFAEL URDANETA', 317),
(1055, 'JOSE RAMON YEPEZ', 318),
(1056, 'LA CONCEPCION', 318),
(1057, 'SAN JOSE', 318),
(1058, 'MARIANO PARRA LEON', 318),
(1059, 'MONAGAS', 319),
(1060, 'ISLA DE TOAS', 319),
(1061, 'MARCIAL HERNANDEZ', 320),
(1062, 'FRANCISCO OCHOA', 320),
(1063, 'SAN FRANCISCO', 320),
(1064, 'EL BAJO', 320),
(1065, 'DOMITILA FLORES', 320),
(1066, 'LOS CORTIJOS', 320),
(1067, 'BARI', 321),
(1068, 'JESUS M SEMPRUN', 321),
(1069, 'SIMON RODRIGUEZ', 322),
(1070, 'CARLOS QUEVEDO', 322),
(1071, 'FRANCISCO J PULGAR', 322),
(1072, 'RAFAEL MARIA BARALT', 323),
(1073, 'MANUEL MANRIQUE', 323),
(1074, 'RAFAEL URDANETA', 323),
(1075, 'FERNANDO GIRON TOVAR', 324),
(1076, 'LUIS ALBERTO GOMEZ', 324),
(1077, 'PARHUEÑA', 324),
(1078, 'PLATANILLAL', 324),
(1079, 'CM. SAN FERNANDO DE ATABA', 325),
(1080, 'UCATA', 325),
(1081, 'YAPACANA', 325),
(1082, 'CANAME', 325),
(1083, 'CM. MAROA', 326),
(1084, 'VICTORINO', 326),
(1085, 'COMUNIDAD', 326),
(1086, 'CM. SAN CARLOS DE RIO NEG', 327),
(1087, 'SOLANO', 327),
(1088, 'COCUY', 327),
(1089, 'CM. ISLA DE RATON', 328),
(1090, 'SAMARIAPO', 328),
(1091, 'SIPAPO', 328),
(1092, 'MUNDUAPO', 328),
(1093, 'GUAYAPO', 328),
(1094, 'CM. SAN JUAN DE MANAPIARE', 329),
(1095, 'ALTO VENTUARI', 329),
(1096, 'MEDIO VENTUARI', 329),
(1097, 'BAJO VENTUARI', 329),
(1098, 'CM. LA ESMERALDA', 330),
(1099, 'HUACHAMACARE', 330),
(1100, 'MARAWAKA', 330),
(1101, 'MAVACA', 330),
(1102, 'SIERRA PARIMA', 330),
(1103, 'SAN JOSE', 331),
(1104, 'VIRGEN DEL VALLE', 331),
(1105, 'SAN RAFAEL', 331),
(1106, 'JOSE VIDAL MARCANO', 331),
(1107, 'LEONARDO RUIZ PINEDA', 331),
(1108, 'MONS. ARGIMIRO GARCIA', 331),
(1109, 'MCL.ANTONIO J DE SUCRE', 331),
(1110, 'JUAN MILLAN', 331),
(1111, 'PEDERNALES', 332),
(1112, 'LUIS B PRIETO FIGUERO', 332),
(1113, 'CURIAPO', 333),
(1114, 'SANTOS DE ABELGAS', 333),
(1115, 'MANUEL RENAUD', 333),
(1116, 'PADRE BARRAL', 333),
(1117, 'ANICETO LUGO', 333),
(1118, 'ALMIRANTE LUIS BRION', 333),
(1119, 'IMATACA', 334),
(1120, 'ROMULO GALLEGOS', 334),
(1121, 'JUAN BAUTISTA ARISMEN', 334),
(1122, 'MANUEL PIAR', 334),
(1123, '5 DE JULIO', 334),
(1124, 'CARABALLEDA', 335),
(1125, 'CARAYACA', 335),
(1126, 'CARUAO', 335),
(1127, 'CATIA LA MAR', 335),
(1128, 'LA GUAIRA', 335),
(1129, 'MACUTO', 335),
(1130, 'MAIQUETIA', 335),
(1131, 'NAIGUATA', 335),
(1132, 'EL JUNKO', 335),
(1133, 'PQ RAUL LEONI', 335),
(1134, 'PQ CARLOS SOUBLETTE', 335);

-- --------------------------------------------------------

--
-- Estructura de tabla para la tabla `perfiles`
--

CREATE TABLE IF NOT EXISTS `perfiles` (
`id_perfil` int(11) NOT NULL,
  `nombre_perfil` varchar(255) NOT NULL DEFAULT '',
  `activo` tinyint(3) unsigned DEFAULT '1' COMMENT '1=Activo, 0=Desactivado'
) ENGINE=InnoDB AUTO_INCREMENT=6 DEFAULT CHARSET=latin1;

--
-- Volcado de datos para la tabla `perfiles`
--

INSERT INTO `perfiles` (`id_perfil`, `nombre_perfil`, `activo`) VALUES
(1, 'ADMINISTRADOR', 1),
(2, 'ADM. EMPRESA', 1),
(3, 'ANALISTA', 1),
(4, 'SEGUIMIENTO', 1),
(5, 'Admin BD', 1);

-- --------------------------------------------------------

--
-- Estructura de tabla para la tabla `plantas`
--

CREATE TABLE IF NOT EXISTS `plantas` (
`id_planta` int(11) NOT NULL,
  `nombre_planta` varchar(255) NOT NULL DEFAULT '',
  `tipo_id` int(11) NOT NULL,
  `empresa_id` int(11) unsigned NOT NULL DEFAULT '0',
  `estado_id` int(11) NOT NULL DEFAULT '0',
  `municipio_id` int(11) NOT NULL DEFAULT '0',
  `parroquia_id` int(11) NOT NULL DEFAULT '0',
  `descripcion` text,
  `cap_inst` int(11) DEFAULT '0',
  `cap_ope` int(11) DEFAULT NULL,
  `cap_alm` int(11) DEFAULT NULL,
  `alm_seco` int(11) DEFAULT NULL,
  `alm_frio` int(11) DEFAULT NULL,
  `alm_silo` int(11) DEFAULT NULL,
  `cant_lineas` int(11) DEFAULT NULL,
  `estatus_lineas` tinyint(3) unsigned DEFAULT '1' COMMENT '1=Activo, 0=Desactivado',
  `cant_empleados` int(11) DEFAULT NULL,
  `longitud` varchar(255) NOT NULL DEFAULT '',
  `latitud` varchar(255) NOT NULL DEFAULT '',
  `activo` tinyint(3) unsigned NOT NULL DEFAULT '1' COMMENT '1=Activo, 0=Desactivado'
) ENGINE=InnoDB AUTO_INCREMENT=82 DEFAULT CHARSET=latin1;

--
-- Volcado de datos para la tabla `plantas`
--

INSERT INTO `plantas` (`id_planta`, `nombre_planta`, `tipo_id`, `empresa_id`, `estado_id`, `municipio_id`, `parroquia_id`, `descripcion`, `cap_inst`, `cap_ope`, `cap_alm`, `alm_seco`, `alm_frio`, `alm_silo`, `cant_lineas`, `estatus_lineas`, `cant_empleados`, `longitud`, `latitud`, `activo`) VALUES
(53, 'PLANTA PROCESADORA DE ARAGUA DE BARCELONA', 2, 1003, 2, 3, 25, 'MAIZ DE PRODUCCION NACIONAL  DE PEQUEÑOS Y MEDIANOS PRODUCTORES BENEFICIADOS A TRAVES DE LA MISION AGRO VENEZUELA, BANCO AGRICOLA Y OTRAS INSTITUCIONES DE LA BANCA.', 400, 100, 1680, 560, 5, 50, 5, 1, 31, '64°39´43.56"O', '10°08´09.25"N', 1),
(57, 'PLANTA PROCESADORA DE ARROZ BARINAS', 2, 1003, 5, 49, 159, 'ARROZ MARCA CASA Y VENALCASA, ARROZ ENRIQUECIDO Y ARROZ INTEGRAL MARCA VENALCASA', 2500, 1680, 100, 700, 5, 50, 6, 1, 47, '70° 1''14.27"O', '8° 2''77.72"N', 1),
(59, 'PLANTA PROCESADORA DE HARINA PRECOCIDA BRAVO CACIQUE YARACUY', 2, 1003, 20, 294, 958, 'HARINA DE MAIZ BLANCO PRECOCIDA MARCA CASA Y VENEZUELA  PRESENTACION DE 1 KG BULTOS DE 20 KG', 630, 300, 4120, 100, 100, 100, 5, 1, 72, '69° 2''50.94"O', '8°12''42.97"N', 1),
(61, 'PLANTA PROCESADORA DE HARINA PRECOCIDA JUANA RAMIREZ LA AVANZADORA - CAICARA', 2, 1003, 14, 190, 635, 'HARINA DE MAIZ BLANCO PRECOCIDA MARCA CASA Y VENEZUELA  PRESENTACION DE 1 KG BULTOS DE 20 KG', 630, 300, 190, 600, 100, 100, 5, 1, 106, '9°44''46.47"N ', ' 63°39''1.71"O', 1),
(63, 'PLANTA PROCESADORA DE HARINA PRECOCIDA CALABOZO "GENERALISIMO FRANCISCO DE MIRANDA"', 2, 1003, 10, 121, 392, 'HARINA DE MAIZ BLANCO PRECOCIDA MARCA CASA Y VENEZUELA  PRESENTACION DE 1 KG BULTOS DE 20 KG', 1000, 500, 160, 100, 5, 50, 0, 1, 92, '67°26''12.64"O', '8°54''22.18"N', 1),
(65, 'PLANTA PROCESADORA DE HARINA PRECOCIDA CHAGUARAMAS', 2, 1003, 10, 132, 424, 'HARINA DE MAIZ BLANCO PRECOCIDA MARCA CASA Y VENEZUELA ', 630, 300, 280, 120, 50, 160, 7, 1, 58, '66°16"40.68"0', '9°14"29.61', 1),
(68, 'PLANTA PROCESADORA DE HARINA PRECOCIDA GUANARE', 2, 1003, 16, 213, 695, 'HARINA DE MAIZ BLANCO PRECOCIDA MARCA CASA Y VENEZUELA  PRESENTACION DE 1 KG BULTOS DE 20 KG', 630, 300, 253, 100, 5, 163, 3, 1, 73, '69°42''44.09"O', '9° 4''6.40"N', 1),
(70, 'PLANTA PROCESADORA DE HARINA PRECOCIDA LA COLONIA', 2, 1003, 16, 218, 717, 'HARINA DE MAIZ BLANCO PRECOCIDA MARCA CASA Y VENEZUELA  PRESENTACION DE 1 KG BULTOS DE 20 KG', 630, 300, 290, 100, 5, 170, 5, 1, 54, '69° 8''14.98"O', '9°21''33.10"N', 1),
(72, 'PLANTA PROCESADORA DE PASTA TUREN', 2, 1003, 16, 218, 716, 'HARINA DE MAIZ Y ARROZ DE SEGUNDA PRODUCCION  NACIONAL DE PEQUEñOS Y MEDIANOS PRODUCTORES', 60, 20, 30, 100, 100, 100, 4, 1, 45, '69°8°14.98°O', '9°21''33.10°N', 1),
(73, 'PLANTA PROCESADORA DE HARINA PRECOCIDA LA VEGUITA', 2, 1003, 5, 56, 195, 'HARINA DE MAIZ BLANCO PRECOCIDA MARCA CASA Y VENEZUELA PRESENTACION DE 1KG BULTOS DE 20KG', 630, 300, 450, 150, 150, 150, 4, 1, 73, '69°21''7.55"O', ' 8°10''20.66"N', 1),
(75, 'PLANTA EMPAQUETADORA DE AZUCAR MAMPOTE ', 1, 1003, 13, 173, 600, 'AZUCAR CONSUMO DOMESTICO', 1200, 500, 600, 100, 100, 100, 4, 1, 13, '66º40´32.5', '10º28´08.5', 1),
(77, 'PLANTA EMPAQUETADORA DE LECHE CATIA', 1, 1003, 1, 1, 10, 'LECHE EN POLVO MARCA CASA, VENALCASA Y PDVAL. PRESENTACIÓN: PAQUETE 1 KG. ?? BULTOS DE 12 KG.', 2000, 900, 500, 100, 100, 100, 3, 1, 56, '66°56''35.29"O', '10°30''57.22"N', 1),
(79, 'EMPAQUETADORA CHIRICA', 1, 1005, 6, 60, 209, 'ZONA INDUSTRIAL CHIRICA  AV. CISNEROS', 330, 270, 330, 100, 100, 100, 1, 1, 26, '1234', '1234', 1),
(80, 'PLANTA PROCESADORA DE LECHE', 2, 1005, 4, 37, 133, 'PROCESADORA DE LECHE ACTUAL DE FRIOSA ', 60, 79, 89, 100, 100, 100, 7, 1, 60, '90', '90', 1),
(81, 'PLANTA EMPAQUETADORA HUGO CHAVEZ - BARQUISIMETO', 1, 1003, 11, 135, 432, 'EMPAQUETADO DE GRANOS Y AZÊCAR\r\nGRANOS SELECCIONADOS MARCA CASA Y VENALCASA.\r\nAZÊCAR REFINA, LAVADA Y BLANCA  MARCA CASA Y VENALCASA.\r\nPRESENTACIÓN: PAQUETE 1 KG. ?? BULTOS DE 24 KG.', 2400, 1370, 1500, 100, 100, 100, 5, 1, 39, '69°23´59.00"O', ' 10°035298"N  ', 1);

-- --------------------------------------------------------

--
-- Estructura de tabla para la tabla `presentacion`
--

CREATE TABLE IF NOT EXISTS `presentacion` (
`id_presentacion` int(11) NOT NULL,
  `nombre_presentacion` varchar(255) NOT NULL DEFAULT '',
  `contenido` int(10) NOT NULL DEFAULT '0',
  `medida_id` int(10) unsigned NOT NULL DEFAULT '0'
) ENGINE=InnoDB AUTO_INCREMENT=10 DEFAULT CHARSET=latin1;

--
-- Volcado de datos para la tabla `presentacion`
--

INSERT INTO `presentacion` (`id_presentacion`, `nombre_presentacion`, `contenido`, `medida_id`) VALUES
(6, 'BULTO', 24, 6),
(7, 'BULTO 20', 20, 6),
(9, 'BULTO 12', 12, 6);

-- --------------------------------------------------------

--
-- Estructura de tabla para la tabla `productos`
--

CREATE TABLE IF NOT EXISTS `productos` (
`id_producto` int(11) NOT NULL,
  `nombre_producto` varchar(255) NOT NULL DEFAULT '',
  `rubro_id` int(11) NOT NULL DEFAULT '0',
  `marca_id` int(10) unsigned NOT NULL DEFAULT '0',
  `presentacion_id` int(11) NOT NULL DEFAULT '0'
) ENGINE=InnoDB AUTO_INCREMENT=16 DEFAULT CHARSET=latin1;

--
-- Volcado de datos para la tabla `productos`
--

INSERT INTO `productos` (`id_producto`, `nombre_producto`, `rubro_id`, `marca_id`, `presentacion_id`) VALUES
(4, 'CARAOTA NEGRA CHIRICA', 21, 4, 6),
(5, 'ARROZ INTEGRAL CHIRICA', 22, 4, 6),
(6, 'AZUCAR CHIRICA', 23, 4, 6),
(7, 'ARROZ BLANCO CHIRICA', 24, 4, 6),
(8, 'FRIJOL CHIRICA', 25, 4, 6),
(9, 'CARAOTA BLANCA CHIRICA', 26, 4, 6),
(10, 'FRIJOL BLANCO', 27, 4, 6),
(11, 'FRIJOL BAYO', 28, 4, 6),
(12, 'HARINA DE MAIZ BLANCO PRECOCIDA CASA', 29, 5, 7),
(13, 'LECHE EN POLVO', 30, 5, 9),
(14, 'GRANOS CASA', 31, 5, 6),
(15, 'AZUCAR REFINADA CASA', 23, 5, 6);

--
-- Disparadores `productos`
--
DELIMITER //
CREATE TRIGGER `del_prod` AFTER DELETE ON `productos`
 FOR EACH ROW INSERT INTO bitacora(usuario, tabla, accion, descripcion, fecha) VALUES (SUBSTRING(USER(),1,(instr(user(),'@')-1)), "productos", "Borrar",CONCAT('Se ha borrado el producto ',old.nombre_producto),NOW())
//
DELIMITER ;
DELIMITER //
CREATE TRIGGER `mod_prod` AFTER UPDATE ON `productos`
 FOR EACH ROW INSERT INTO bitacora(usuario, tabla, accion, descripcion, fecha) VALUES (SUBSTRING(USER(),1,(instr(user(),'@')-1)), "productos", "Modificado",CONCAT('Se ha modificado el producto ',new.nombre_producto),NOW())
//
DELIMITER ;
DELIMITER //
CREATE TRIGGER `reg_prod` AFTER INSERT ON `productos`
 FOR EACH ROW INSERT INTO bitacora(usuario, tabla, accion, descripcion, fecha) VALUES (SUBSTRING(USER(),1,(instr(user(),'@')-1)), "productos", "Registrar",CONCAT('Se ha Registrado el producto ',new.nombre_producto),NOW())
//
DELIMITER ;

-- --------------------------------------------------------

--
-- Estructura de tabla para la tabla `producto_planta`
--

CREATE TABLE IF NOT EXISTS `producto_planta` (
`id_producto_planta` int(11) NOT NULL,
  `producto_id` int(11) NOT NULL,
  `planta_id` int(11) NOT NULL,
  `activo` tinyint(3) unsigned DEFAULT '1' COMMENT '1=Activo, 0=Desactivado'
) ENGINE=InnoDB AUTO_INCREMENT=16 DEFAULT CHARSET=latin1;

--
-- Volcado de datos para la tabla `producto_planta`
--

INSERT INTO `producto_planta` (`id_producto_planta`, `producto_id`, `planta_id`, `activo`) VALUES
(5, 4, 79, 1),
(6, 5, 79, 1),
(7, 6, 79, 1),
(8, 7, 79, 1),
(9, 9, 79, 1),
(10, 10, 79, 1),
(11, 11, 79, 1),
(12, 12, 63, 1),
(13, 13, 77, 1),
(14, 14, 81, 1),
(15, 15, 81, 1);

--
-- Disparadores `producto_planta`
--
DELIMITER //
CREATE TRIGGER `del_prodplanta` AFTER DELETE ON `producto_planta`
 FOR EACH ROW INSERT INTO bitacora(usuario, tabla, accion, descripcion, fecha) 
VALUES (SUBSTRING(USER(),1,(instr(user(),'@')-1)), "producto_planta", "Eliminado", "se ha eliminado la asociacion de un producto a una planta", NOW())
//
DELIMITER ;
DELIMITER //
CREATE TRIGGER `mod_prodplanta` AFTER UPDATE ON `producto_planta`
 FOR EACH ROW INSERT INTO bitacora(usuario, tabla, accion, descripcion, fecha) 
VALUES (SUBSTRING(USER(),1,(instr(user(),'@')-1)), "producto_planta", "Modificado", "se ha modificado la asociacion de un producto a una planta", NOW())
//
DELIMITER ;
DELIMITER //
CREATE TRIGGER `reg_prodplanta` AFTER INSERT ON `producto_planta`
 FOR EACH ROW INSERT INTO bitacora(usuario, tabla, accion, descripcion, fecha) 
VALUES (SUBSTRING(USER(),1,(instr(user(),'@')-1)), "producto_planta", "Asociar","Se asocio un producto a una planta",NOW())
//
DELIMITER ;

-- --------------------------------------------------------

--
-- Estructura de tabla para la tabla `reportes`
--

CREATE TABLE IF NOT EXISTS `reportes` (
`id_reporte` int(11) NOT NULL,
  `usuario_id` int(11) NOT NULL DEFAULT '0',
  `producto_id` int(11) NOT NULL DEFAULT '0',
  `produccion` int(10) NOT NULL DEFAULT '0',
  `descripcion` text,
  `fecha_reporte` timestamp NOT NULL DEFAULT CURRENT_TIMESTAMP
) ENGINE=InnoDB AUTO_INCREMENT=708 DEFAULT CHARSET=latin1;

--
-- Volcado de datos para la tabla `reportes`
--

INSERT INTO `reportes` (`id_reporte`, `usuario_id`, `producto_id`, `produccion`, `descripcion`, `fecha_reporte`) VALUES
(60, 45, 4, 0, '', '2016-01-01 04:00:00'),
(61, 45, 4, 0, '', '2016-01-02 04:00:00'),
(62, 45, 4, 0, '', '2016-01-03 04:00:00'),
(63, 45, 4, 10344, 'LLEGADA DE BULTOS', '2016-01-04 04:00:00'),
(64, 45, 4, 0, '', '2016-01-05 04:00:00'),
(65, 45, 4, 0, '', '2016-01-06 04:00:00'),
(66, 45, 4, 13968, 'LLEGADA DE CARAOTAS', '2016-01-07 04:00:00'),
(67, 45, 4, 6960, '', '2016-01-08 04:00:00'),
(68, 45, 4, 0, '', '2016-01-09 04:00:00'),
(69, 45, 4, 0, '', '2016-01-10 04:00:00'),
(70, 45, 4, 7008, '', '2016-01-11 04:00:00'),
(71, 45, 4, 0, '', '2016-01-12 04:00:00'),
(72, 45, 4, 11112, 'LLEGADA EN BULTOS', '2016-01-13 04:00:00'),
(73, 45, 4, 0, '', '2016-01-14 04:00:00'),
(74, 45, 4, 5976, '', '2016-01-15 04:00:00'),
(75, 45, 4, 0, '', '2016-01-16 04:00:00'),
(76, 45, 4, 0, '', '2016-01-17 04:00:00'),
(77, 45, 4, 0, '', '2016-01-18 04:00:00'),
(78, 45, 4, 5040, '', '2016-01-19 04:00:00'),
(79, 45, 4, 5040, '', '2016-01-20 04:00:00'),
(80, 45, 4, 6120, '', '2016-01-21 04:00:00'),
(81, 45, 4, 0, '', '2016-01-22 04:00:00'),
(82, 45, 4, 0, '', '2016-01-23 04:00:00'),
(83, 45, 4, 0, '', '2016-01-24 04:00:00'),
(84, 45, 4, 0, '', '2016-01-25 04:00:00'),
(85, 45, 4, 0, '', '2016-01-26 04:00:00'),
(86, 45, 4, 0, '', '2016-01-27 04:00:00'),
(87, 45, 4, 7416, 'GANDOLA LLENA', '2016-01-28 04:00:00'),
(88, 45, 4, 0, '', '2016-01-29 04:00:00'),
(89, 45, 4, 0, '', '2016-01-30 04:00:00'),
(90, 45, 4, 0, '', '2016-01-31 04:00:00'),
(91, 45, 5, 0, '', '2016-01-01 04:00:00'),
(92, 45, 5, 0, '', '2016-01-02 04:00:00'),
(93, 45, 5, 0, '', '2016-01-03 04:00:00'),
(94, 45, 5, 0, '', '2016-01-04 04:00:00'),
(95, 45, 5, 6000, '', '2016-01-05 04:00:00'),
(96, 45, 5, 14088, '', '2016-01-06 04:00:00'),
(97, 45, 5, 0, '', '2016-01-07 04:00:00'),
(98, 45, 5, 0, '', '2016-01-08 04:00:00'),
(99, 45, 5, 7032, '', '2016-01-08 04:30:00'),
(100, 45, 5, 0, '', '2016-01-09 04:30:00'),
(101, 45, 5, 0, '', '2016-01-10 04:30:00'),
(102, 45, 5, 0, '', '2016-01-11 04:30:00'),
(103, 45, 5, 0, '', '2016-01-12 04:30:00'),
(104, 45, 5, 0, '', '2016-01-13 04:30:00'),
(105, 45, 5, 13728, '', '2016-01-14 04:30:00'),
(106, 45, 5, 6600, '', '2016-01-15 04:30:00'),
(107, 45, 5, 0, '', '2016-01-16 04:30:00'),
(108, 45, 5, 0, '', '2016-01-17 04:30:00'),
(109, 45, 5, 5880, '', '2016-01-18 04:30:00'),
(110, 45, 5, 5088, '', '2016-01-19 04:30:00'),
(111, 45, 5, 0, '', '2016-01-20 04:30:00'),
(112, 45, 5, 0, '', '2016-01-21 04:30:00'),
(113, 45, 5, 0, '', '2016-01-22 04:30:00'),
(114, 45, 5, 0, '', '2016-01-23 04:30:00'),
(115, 45, 5, 0, '', '2016-01-24 04:30:00'),
(116, 45, 5, 8256, '', '2016-01-25 04:30:00'),
(117, 45, 5, 5784, '', '2016-01-26 04:30:00'),
(118, 45, 5, 7440, '', '2016-01-27 04:30:00'),
(119, 45, 5, 6024, '', '2016-01-28 04:30:00'),
(120, 45, 5, 5040, '', '2016-01-29 04:30:00'),
(121, 45, 5, 0, '', '2016-01-30 04:30:00'),
(122, 45, 5, 0, '', '2016-01-31 04:30:00'),
(123, 45, 6, 0, '', '2016-01-01 04:30:00'),
(124, 45, 6, 0, '', '2016-01-02 04:30:00'),
(125, 45, 6, 0, '', '2016-01-03 04:30:00'),
(126, 45, 6, 0, '', '2016-01-04 04:30:00'),
(127, 45, 6, 2910, '', '2016-01-05 04:30:00'),
(128, 45, 6, 0, '', '2016-01-06 04:30:00'),
(129, 45, 6, 0, '', '2016-01-07 04:30:00'),
(130, 45, 6, 0, '', '2016-01-08 04:30:00'),
(131, 45, 6, 0, '', '2016-01-09 04:30:00'),
(132, 45, 6, 0, '', '2016-01-10 04:30:00'),
(133, 45, 6, 0, '', '2016-01-11 04:30:00'),
(134, 45, 6, 0, '', '2016-01-12 04:30:00'),
(135, 45, 6, 0, '', '2016-01-13 04:30:00'),
(136, 45, 6, 0, '', '2016-01-14 04:30:00'),
(137, 45, 6, 0, '', '2016-01-15 04:30:00'),
(138, 45, 6, 0, '', '2016-01-16 04:30:00'),
(139, 45, 6, 0, '', '2016-01-17 04:30:00'),
(140, 45, 6, 2970, '', '2016-01-18 04:30:00'),
(141, 45, 6, 990, '', '2016-01-19 04:30:00'),
(142, 45, 6, 0, '', '2016-01-20 04:30:00'),
(143, 45, 6, 0, '', '2016-01-21 04:30:00'),
(144, 45, 6, 3475, '', '2016-01-22 04:30:00'),
(145, 45, 6, 0, '', '2016-01-23 04:30:00'),
(146, 45, 6, 0, '', '2016-01-24 04:30:00'),
(147, 45, 6, 3930, '', '2016-01-25 04:30:00'),
(148, 45, 6, 6030, '', '2016-01-26 04:30:00'),
(149, 45, 6, 960, '', '2016-01-27 04:30:00'),
(150, 45, 6, 0, '', '2016-01-28 04:30:00'),
(151, 45, 6, 5610, '', '2016-01-29 04:30:00'),
(152, 45, 6, 0, '', '2016-01-30 04:30:00'),
(153, 45, 6, 0, '', '2016-01-31 04:30:00'),
(154, 45, 4, 5880, '', '2016-02-01 04:30:00'),
(155, 45, 4, 1152, '', '2016-02-02 04:30:00'),
(156, 45, 4, 0, '', '2016-02-03 04:30:00'),
(157, 45, 4, 0, '', '2016-02-04 04:30:00'),
(158, 45, 4, 0, '', '2016-02-05 04:30:00'),
(159, 45, 4, 0, '', '2016-02-06 04:30:00'),
(160, 45, 4, 0, '', '2016-02-07 04:30:00'),
(161, 45, 4, 0, '', '2016-02-08 04:30:00'),
(162, 45, 4, 0, '', '2016-02-09 04:30:00'),
(163, 45, 4, 0, '', '2016-02-10 04:30:00'),
(164, 45, 4, 0, '', '2016-02-11 04:30:00'),
(165, 45, 4, 0, '', '2016-02-12 04:30:00'),
(166, 45, 4, 0, '', '2016-02-13 04:30:00'),
(167, 45, 4, 0, '', '2016-02-14 04:30:00'),
(168, 45, 4, 0, '', '2016-02-15 04:30:00'),
(169, 45, 4, 0, '', '2016-02-16 04:30:00'),
(170, 45, 4, 0, '', '2016-02-17 04:30:00'),
(171, 45, 4, 0, '', '2016-02-18 04:30:00'),
(172, 45, 4, 0, '', '2016-02-19 04:30:00'),
(173, 45, 4, 0, '', '2016-02-20 04:30:00'),
(174, 45, 4, 0, '', '2016-02-21 04:30:00'),
(175, 45, 4, 0, '', '2016-02-22 04:30:00'),
(176, 45, 4, 0, '', '2016-02-23 04:30:00'),
(177, 45, 4, 4050, '', '2016-02-24 04:30:00'),
(178, 45, 4, 13536, '', '2016-02-25 04:30:00'),
(179, 45, 4, 14016, '', '2016-02-26 04:30:00'),
(180, 45, 4, 0, '', '2016-02-27 04:30:00'),
(181, 45, 4, 0, '', '2016-02-28 04:30:00'),
(182, 45, 4, 0, '', '2016-02-29 04:30:00'),
(183, 45, 5, 7080, '', '2016-02-01 04:30:00'),
(184, 45, 5, 3240, '', '2016-02-02 04:30:00'),
(185, 45, 5, 240, '', '2016-02-03 04:30:00'),
(186, 45, 5, 4380, '', '2016-02-04 04:30:00'),
(187, 45, 5, 8160, '', '2016-02-05 04:30:00'),
(188, 45, 5, 0, '', '2016-02-06 04:30:00'),
(189, 45, 5, 0, '', '2016-02-07 04:30:00'),
(190, 45, 5, 0, '', '2016-02-08 04:30:00'),
(191, 45, 5, 0, '', '2016-02-09 04:30:00'),
(192, 45, 5, 7110, '', '2016-02-10 04:30:00'),
(193, 45, 5, 9630, '', '2016-02-11 04:30:00'),
(194, 45, 5, 13230, '', '2016-02-12 04:30:00'),
(195, 45, 5, 0, '', '2016-02-13 04:30:00'),
(196, 45, 5, 0, '', '2016-02-14 04:30:00'),
(197, 45, 5, 5460, '', '2016-02-15 04:30:00'),
(198, 45, 5, 0, '', '2016-02-16 04:30:00'),
(199, 45, 5, 0, '', '2016-02-17 04:30:00'),
(200, 45, 5, 16080, '', '2016-02-18 04:30:00'),
(201, 45, 5, 12780, '', '2016-02-19 04:30:00'),
(202, 45, 5, 0, '', '2016-02-20 04:30:00'),
(203, 45, 5, 0, '', '2016-02-21 04:30:00'),
(204, 45, 5, 5520, '', '2016-02-22 04:30:00'),
(205, 45, 5, 5280, '', '2016-02-23 04:30:00'),
(206, 45, 5, 7530, '', '2016-02-24 04:30:00'),
(207, 45, 5, 0, '', '2016-02-25 04:30:00'),
(208, 45, 5, 0, '', '2016-02-26 04:30:00'),
(209, 45, 5, 5472, '', '2016-02-27 04:30:00'),
(210, 45, 5, 0, '', '2016-02-28 04:30:00'),
(211, 45, 5, 11088, '', '2016-02-29 04:30:00'),
(212, 45, 6, 0, '', '2016-02-01 04:30:00'),
(213, 45, 6, 0, '', '2016-02-02 04:30:00'),
(214, 45, 6, 5760, '', '2016-02-03 04:30:00'),
(215, 45, 6, 690, '', '2016-02-04 04:30:00'),
(216, 45, 6, 0, '', '2016-02-05 04:30:00'),
(217, 45, 6, 0, '', '2016-02-06 04:30:00'),
(218, 45, 6, 0, '', '2016-02-07 04:30:00'),
(219, 45, 6, 0, '', '2016-02-08 04:30:00'),
(220, 45, 6, 0, '', '2016-02-09 04:30:00'),
(221, 45, 6, 0, '', '2016-02-10 04:30:00'),
(222, 45, 6, 0, '', '2016-02-11 04:30:00'),
(223, 45, 6, 0, '', '2016-02-12 04:30:00'),
(224, 45, 6, 0, '', '2016-02-13 04:30:00'),
(225, 45, 6, 0, '', '2016-02-14 04:30:00'),
(226, 45, 6, 0, '', '2016-02-15 04:30:00'),
(227, 45, 6, 0, '', '2016-02-16 04:30:00'),
(228, 45, 6, 0, '', '2016-02-17 04:30:00'),
(229, 45, 6, 0, '', '2016-02-18 04:30:00'),
(230, 45, 6, 0, '', '2016-02-19 04:30:00'),
(231, 45, 6, 6900, '', '2016-02-20 04:30:00'),
(232, 45, 6, 0, '', '2016-02-21 04:30:00'),
(233, 45, 6, 8220, '', '2016-02-22 04:30:00'),
(234, 45, 6, 6030, '', '2016-02-23 04:30:00'),
(235, 45, 6, 0, '', '2016-02-24 04:30:00'),
(236, 45, 6, 0, '', '2016-02-25 04:30:00'),
(237, 45, 6, 0, '', '2016-02-26 04:30:00'),
(238, 45, 6, 0, '', '2016-02-27 04:30:00'),
(239, 45, 6, 0, '', '2016-02-28 04:30:00'),
(240, 45, 6, 0, '', '2016-02-29 04:30:00'),
(242, 45, 7, 0, '', '2016-03-01 04:30:00'),
(243, 45, 7, 0, '', '2016-03-02 04:30:00'),
(244, 45, 7, 0, '', '2016-03-03 04:30:00'),
(245, 45, 7, 0, '', '2016-03-04 04:30:00'),
(246, 45, 7, 0, '', '2016-03-05 04:30:00'),
(247, 45, 7, 0, '', '2016-03-06 04:30:00'),
(248, 45, 7, 0, '', '2016-03-07 04:30:00'),
(249, 45, 7, 0, '', '2016-03-08 04:30:00'),
(250, 45, 7, 0, '', '2016-03-09 04:30:00'),
(251, 45, 7, 3864, '', '2016-03-10 04:30:00'),
(252, 45, 7, 6312, '', '2016-03-11 04:30:00'),
(253, 45, 7, 2688, '', '2016-03-12 04:30:00'),
(254, 45, 7, 0, '', '2016-03-13 04:30:00'),
(255, 45, 7, 1608, '', '2016-03-14 04:30:00'),
(256, 45, 7, 180, '', '2016-03-15 04:30:00'),
(257, 45, 7, 1080, '', '2016-03-16 04:30:00'),
(258, 45, 7, 2010, '', '2016-03-17 04:30:00'),
(259, 45, 7, 300, '', '2016-03-18 04:30:00'),
(260, 45, 7, 0, '', '2016-03-19 04:30:00'),
(261, 45, 7, 0, '', '2016-03-20 04:30:00'),
(262, 45, 7, 0, '', '2016-03-21 04:30:00'),
(263, 45, 7, 0, '', '2016-03-22 04:30:00'),
(264, 45, 7, 0, '', '2016-03-23 04:30:00'),
(265, 45, 7, 0, '', '2016-03-24 04:30:00'),
(266, 45, 7, 0, '', '2016-03-25 04:30:00'),
(267, 45, 7, 0, '', '2016-03-26 04:30:00'),
(268, 45, 7, 0, '', '2016-03-27 04:30:00'),
(269, 45, 7, 0, '', '2016-03-28 04:30:00'),
(270, 45, 7, 0, '', '2016-03-29 04:30:00'),
(271, 45, 7, 0, '', '2016-03-30 04:30:00'),
(272, 45, 7, 0, '', '2016-03-31 04:30:00'),
(273, 45, 5, 0, '', '2016-03-01 04:30:00'),
(274, 45, 5, 15408, '', '2016-03-02 04:30:00'),
(275, 45, 5, 14976, '', '2016-03-03 04:30:00'),
(276, 45, 5, 7632, '', '2016-03-04 04:30:00'),
(277, 45, 5, 7320, '', '2016-03-05 04:30:00'),
(278, 45, 5, 0, '', '2016-03-06 04:30:00'),
(279, 45, 5, 11136, '', '2016-03-07 04:30:00'),
(280, 45, 5, 7512, '', '2016-03-08 04:30:00'),
(281, 45, 5, 5520, '', '2016-03-09 04:30:00'),
(282, 45, 5, 1992, '', '2016-03-10 04:30:00'),
(283, 45, 5, 0, '', '2016-03-11 04:30:00'),
(284, 45, 5, 0, '', '2016-03-12 04:30:00'),
(285, 45, 5, 0, '', '2016-03-13 04:30:00'),
(286, 45, 5, 0, '', '2016-03-14 04:30:00'),
(287, 45, 5, 0, '', '2016-03-15 04:30:00'),
(288, 45, 5, 0, '', '2016-03-16 04:30:00'),
(289, 45, 5, 0, '', '2016-03-17 04:30:00'),
(290, 45, 5, 0, '', '2016-03-18 04:30:00'),
(291, 45, 5, 0, '', '2016-03-19 04:30:00'),
(292, 45, 5, 0, '', '2016-03-20 04:30:00'),
(293, 45, 5, 0, '', '2016-03-21 04:30:00'),
(294, 45, 5, 0, '', '2016-03-22 04:30:00'),
(295, 45, 5, 0, '', '2016-03-23 04:30:00'),
(296, 45, 5, 0, '', '2016-03-24 04:30:00'),
(297, 45, 5, 0, '', '2016-03-25 04:30:00'),
(298, 45, 5, 0, '', '2016-03-26 04:30:00'),
(299, 45, 5, 0, '', '2016-03-27 04:30:00'),
(300, 45, 5, 0, '', '2016-03-28 04:30:00'),
(301, 45, 5, 0, '', '2016-03-29 04:30:00'),
(302, 45, 5, 912, '', '2016-03-30 04:30:00'),
(303, 45, 5, 11112, '', '2016-03-31 04:30:00'),
(304, 45, 7, 0, '', '2016-04-01 04:30:00'),
(305, 45, 5, 0, '', '2016-04-01 04:30:00'),
(306, 45, 4, 7536, '', '2016-04-01 04:30:00'),
(307, 45, 8, 0, '', '2016-04-01 04:30:00'),
(308, 45, 7, 0, '', '2016-04-02 04:30:00'),
(309, 45, 5, 0, '', '2016-04-02 04:30:00'),
(310, 45, 4, 5640, '', '2016-04-02 04:30:00'),
(311, 45, 8, 0, '', '2016-04-02 04:30:00'),
(312, 45, 7, 0, '', '2016-04-03 04:30:00'),
(313, 45, 5, 0, '', '2016-04-03 04:30:00'),
(314, 45, 4, 0, '', '2016-04-03 04:30:00'),
(315, 45, 8, 0, '', '2016-04-03 04:30:00'),
(316, 45, 7, 0, '', '2016-04-04 04:30:00'),
(317, 45, 5, 0, '', '2016-04-04 04:30:00'),
(318, 45, 4, 6096, '', '2016-04-04 04:30:00'),
(319, 45, 8, 0, '', '2016-04-04 04:30:00'),
(320, 45, 7, 0, '', '2016-04-05 04:30:00'),
(321, 45, 5, 0, '', '2016-04-05 04:30:00'),
(322, 45, 4, 312, '', '2016-04-05 04:30:00'),
(323, 45, 7, 384, '', '2016-04-06 04:30:00'),
(324, 45, 5, 9024, '', '2016-04-06 04:30:00'),
(325, 45, 4, 2112, '', '2016-04-06 04:30:00'),
(326, 45, 8, 0, '', '2016-04-06 04:30:00'),
(327, 45, 7, 2808, '', '2016-04-07 04:30:00'),
(328, 45, 5, 0, '', '2016-04-07 04:30:00'),
(329, 45, 4, 0, '', '2016-04-07 04:30:00'),
(330, 45, 8, 0, '', '2016-04-07 04:30:00'),
(331, 45, 7, 7704, '', '2016-04-08 04:30:00'),
(332, 45, 5, 0, '', '2016-04-08 04:30:00'),
(333, 45, 4, 0, '', '2016-04-08 04:30:00'),
(334, 45, 8, 0, '', '2016-04-08 04:30:00'),
(335, 45, 7, 6840, '', '2016-04-09 04:30:00'),
(336, 45, 5, 0, '', '2016-04-09 04:30:00'),
(337, 45, 4, 0, '', '2016-04-09 04:30:00'),
(338, 45, 8, 0, '', '2016-04-09 04:30:00'),
(339, 45, 7, 0, '', '2016-04-10 04:30:00'),
(340, 45, 5, 0, '', '2016-04-10 04:30:00'),
(341, 45, 4, 0, '', '2016-04-10 04:30:00'),
(342, 45, 8, 0, '', '2016-04-10 04:30:00'),
(343, 45, 7, 0, '', '2016-04-11 04:30:00'),
(344, 45, 5, 0, '', '2016-04-11 04:30:00'),
(345, 45, 4, 0, '', '2016-04-11 04:30:00'),
(346, 45, 8, 0, '', '2016-04-11 04:30:00'),
(347, 45, 7, 4008, '', '2016-04-12 04:30:00'),
(348, 45, 5, 3024, '', '2016-04-12 04:30:00'),
(349, 45, 4, 0, '', '2016-04-12 04:30:00'),
(350, 45, 8, 0, '', '2016-04-12 04:30:00'),
(351, 45, 7, 0, '', '2016-04-13 04:30:00'),
(352, 45, 5, 5760, '', '2016-04-13 04:30:00'),
(353, 45, 4, 0, '', '2016-04-13 04:30:00'),
(354, 45, 8, 0, '', '2016-04-13 04:30:00'),
(355, 45, 7, 0, '', '2016-04-14 04:30:00'),
(356, 45, 5, 10104, '', '2016-04-14 04:30:00'),
(357, 45, 4, 0, '', '2016-04-14 04:30:00'),
(358, 45, 8, 0, '', '2016-04-14 04:30:00'),
(359, 45, 7, 0, '', '2016-04-15 04:30:00'),
(361, 45, 5, 0, '', '2016-04-15 04:30:00'),
(362, 45, 4, 1968, '', '2016-04-15 04:30:00'),
(363, 45, 8, 0, '', '2016-04-15 04:30:00'),
(364, 45, 7, 0, '', '2016-04-16 04:30:00'),
(365, 45, 5, 0, '', '2016-04-16 04:30:00'),
(366, 45, 4, 0, '', '2016-04-16 04:30:00'),
(367, 45, 8, 0, '', '2016-04-16 04:30:00'),
(368, 45, 7, 0, '', '2016-04-17 04:30:00'),
(369, 45, 5, 0, '', '2016-04-17 04:30:00'),
(370, 45, 4, 0, '', '2016-04-17 04:30:00'),
(371, 45, 8, 0, '', '2016-04-17 04:30:00'),
(372, 45, 7, 0, '', '2016-04-18 04:30:00'),
(373, 45, 5, 0, '', '2016-04-18 04:30:00'),
(374, 45, 4, 0, '', '2016-04-18 04:30:00'),
(375, 45, 8, 0, '', '2016-04-18 04:30:00'),
(376, 45, 7, 0, '', '2016-04-19 04:30:00'),
(377, 45, 5, 0, '', '2016-04-19 04:30:00'),
(378, 45, 4, 0, '', '2016-04-19 04:30:00'),
(379, 45, 8, 0, '', '2016-04-19 04:30:00'),
(380, 45, 7, 0, '', '2016-04-20 04:30:00'),
(381, 45, 5, 0, '', '2016-04-20 04:30:00'),
(382, 45, 4, 5256, '', '2016-04-20 04:30:00'),
(383, 45, 8, 0, '', '2016-04-20 04:30:00'),
(384, 45, 7, 0, '', '2016-04-21 04:30:00'),
(385, 45, 5, 0, '', '2016-04-21 04:30:00'),
(386, 45, 4, 7536, '', '2016-04-21 04:30:00'),
(387, 45, 4, 0, '', '2016-04-21 04:30:00'),
(388, 45, 7, 0, '', '2016-04-22 04:30:00'),
(389, 45, 5, 1920, '', '2016-04-22 04:30:00'),
(390, 45, 4, 0, '', '2016-04-22 04:30:00'),
(391, 45, 8, 0, '', '2016-04-22 04:30:00'),
(392, 45, 7, 0, '', '2016-04-23 04:30:00'),
(393, 45, 5, 0, '', '2016-04-23 04:30:00'),
(394, 45, 4, 0, '', '2016-04-23 04:30:00'),
(395, 45, 8, 0, '', '2016-04-23 04:30:00'),
(396, 45, 7, 0, '', '2016-04-24 04:30:00'),
(397, 45, 5, 0, '', '2016-04-24 04:30:00'),
(398, 45, 4, 0, '', '2016-04-24 04:30:00'),
(399, 45, 8, 0, '', '2016-04-24 04:30:00'),
(400, 45, 7, 0, '', '2016-04-25 04:30:00'),
(401, 45, 5, 15936, '', '2016-04-25 04:30:00'),
(402, 45, 4, 0, '', '2016-04-25 04:30:00'),
(403, 45, 8, 0, '', '2016-04-25 04:30:00'),
(404, 45, 7, 9408, '', '2016-04-26 04:30:00'),
(405, 45, 5, 2184, '', '2016-04-26 04:30:00'),
(406, 45, 4, 0, '', '2016-04-26 04:30:00'),
(407, 45, 8, 0, '', '2016-04-26 04:30:00'),
(408, 45, 7, 10752, '', '2016-04-27 04:30:00'),
(409, 45, 5, 0, '', '2016-04-27 04:30:00'),
(410, 45, 4, 480, '', '2016-04-27 04:30:00'),
(411, 45, 8, 0, '', '2016-04-27 04:30:00'),
(412, 45, 7, 0, '', '2016-04-28 04:30:00'),
(413, 45, 5, 0, '', '2016-04-28 04:30:00'),
(414, 45, 4, 7440, '', '2016-04-28 04:30:00'),
(415, 45, 8, 0, '', '2016-04-28 04:30:00'),
(416, 45, 7, 0, '', '2016-04-29 04:30:00'),
(417, 45, 5, 0, '', '2016-04-29 04:30:00'),
(418, 45, 4, 936, '', '2016-04-29 04:30:00'),
(419, 45, 8, 2304, '', '2016-04-29 04:30:00'),
(420, 45, 7, 0, '', '2016-04-30 04:30:00'),
(421, 45, 5, 0, '', '2016-04-30 04:30:00'),
(422, 45, 4, 0, '', '2016-04-30 04:30:00'),
(423, 45, 8, 0, '', '2016-04-30 04:30:00'),
(424, 45, 7, 0, '', '2016-05-01 04:30:00'),
(425, 45, 5, 0, '', '2016-05-01 04:30:00'),
(426, 45, 4, 0, '', '2016-05-01 04:30:00'),
(427, 45, 9, 0, '', '2016-05-01 04:30:00'),
(428, 45, 10, 0, '', '2016-05-01 04:30:00'),
(429, 45, 11, 0, '', '2016-05-01 04:30:00'),
(430, 45, 7, 9768, '', '2016-05-02 04:30:00'),
(431, 45, 5, 0, '', '2016-05-02 04:30:00'),
(432, 45, 4, 0, '', '2016-05-02 04:30:00'),
(433, 45, 9, 0, '', '2016-05-02 04:30:00'),
(434, 45, 11, 0, '', '2016-05-02 04:30:00'),
(435, 45, 10, 0, '', '2016-05-02 04:30:00'),
(436, 45, 7, 0, '', '2016-05-03 04:30:00'),
(437, 45, 5, 0, '', '2016-05-03 04:30:00'),
(438, 45, 4, 0, '', '2016-05-03 04:30:00'),
(439, 45, 9, 0, '', '2016-05-03 04:30:00'),
(440, 45, 10, 0, '', '2016-05-03 04:30:00'),
(441, 45, 11, 0, '', '2016-05-03 04:30:00'),
(442, 45, 7, 5976, '', '2016-05-04 04:30:00'),
(443, 45, 5, 3504, '', '2016-05-04 04:30:00'),
(444, 45, 4, 0, '', '2016-05-04 04:30:00'),
(445, 45, 9, 0, '', '2016-05-04 04:30:00'),
(447, 45, 10, 0, '', '2016-05-04 04:30:00'),
(448, 45, 11, 0, '', '2016-05-04 04:30:00'),
(449, 45, 7, 1584, '', '2016-05-05 04:30:00'),
(450, 45, 5, 0, '', '2016-05-05 04:30:00'),
(451, 45, 4, 0, '', '2016-05-05 04:30:00'),
(452, 45, 9, 0, '', '2016-05-05 04:30:00'),
(453, 45, 10, 0, '', '2016-05-05 04:30:00'),
(454, 45, 11, 0, '', '2016-05-05 04:30:00'),
(455, 45, 7, 7560, '', '2016-05-06 04:30:00'),
(456, 45, 5, 0, '', '2016-05-06 04:30:00'),
(458, 45, 4, 0, '', '2016-05-06 04:30:00'),
(459, 45, 9, 0, '', '2016-05-06 04:30:00'),
(460, 45, 10, 0, '', '2016-05-06 04:30:00'),
(461, 45, 11, 0, '', '2016-05-06 04:30:00'),
(462, 45, 7, 0, '', '2016-05-07 04:30:00'),
(463, 45, 5, 0, '', '2016-05-07 04:30:00'),
(464, 45, 4, 0, '', '2016-05-07 04:30:00'),
(465, 45, 9, 0, '', '2016-05-07 04:30:00'),
(466, 45, 10, 0, '', '2016-05-07 04:30:00'),
(467, 45, 11, 0, '', '2016-05-07 04:30:00'),
(468, 45, 7, 0, '', '2016-05-08 04:30:00'),
(469, 45, 5, 0, '', '2016-05-08 04:30:00'),
(470, 45, 4, 0, '', '2016-05-08 04:30:00'),
(471, 45, 9, 0, '', '2016-05-08 04:30:00'),
(472, 45, 10, 0, '', '2016-05-08 04:30:00'),
(473, 45, 11, 0, '', '2016-05-08 04:30:00'),
(474, 45, 7, 0, '', '2016-05-09 04:30:00'),
(475, 45, 5, 0, '', '2016-05-09 04:30:00'),
(476, 45, 4, 0, '', '2016-05-09 04:30:00'),
(477, 45, 9, 0, '', '2016-05-09 04:30:00'),
(478, 45, 10, 48, '', '2016-05-09 04:30:00'),
(479, 45, 11, 0, '', '2016-05-09 04:30:00'),
(480, 45, 7, 0, '', '2016-05-10 04:30:00'),
(481, 45, 5, 0, '', '2016-05-10 04:30:00'),
(482, 45, 4, 0, '', '2016-05-10 04:30:00'),
(483, 45, 9, 0, '', '2016-05-10 04:30:00'),
(484, 45, 10, 0, '', '2016-05-10 04:30:00'),
(485, 45, 11, 0, '', '2016-05-10 04:30:00'),
(486, 45, 7, 0, '', '2016-05-11 04:30:00'),
(487, 45, 5, 0, '', '2016-05-11 04:30:00'),
(488, 45, 4, 0, '', '2016-05-11 04:30:00'),
(489, 45, 9, 0, '', '2016-05-11 04:30:00'),
(490, 45, 10, 0, '', '2016-05-11 04:30:00'),
(491, 45, 11, 0, '', '2016-05-11 04:30:00'),
(492, 45, 5, 0, '', '2016-05-12 04:30:00'),
(493, 45, 7, 0, '', '2016-05-12 04:30:00'),
(494, 45, 4, 0, '', '2016-05-12 04:30:00'),
(495, 45, 9, 0, '', '2016-05-12 04:30:00'),
(496, 45, 10, 0, '', '2016-05-12 04:30:00'),
(497, 45, 11, 0, '', '2016-05-12 04:30:00'),
(498, 45, 7, 0, '', '2016-05-13 04:30:00'),
(499, 45, 5, 0, '', '2016-05-13 04:30:00'),
(500, 45, 4, 3432, '', '2016-05-13 04:30:00'),
(501, 45, 9, 0, '', '2016-05-13 04:30:00'),
(502, 45, 10, 0, '', '2016-05-13 04:30:00'),
(503, 45, 11, 0, '', '2016-05-13 04:30:00'),
(504, 45, 7, 0, '', '2016-05-14 04:30:00'),
(505, 45, 5, 0, '', '2016-05-14 04:30:00'),
(506, 45, 4, 0, '', '2016-05-14 04:30:00'),
(507, 45, 9, 0, '', '2016-05-14 04:30:00'),
(508, 45, 10, 0, '', '2016-05-14 04:30:00'),
(509, 45, 11, 0, '', '2016-05-14 04:30:00'),
(510, 45, 9, 0, '', '2016-05-15 04:30:00'),
(511, 45, 7, 0, '', '2016-05-15 04:30:00'),
(512, 45, 5, 0, '', '2016-05-15 04:30:00'),
(513, 45, 4, 0, '', '2016-05-15 04:30:00'),
(514, 45, 10, 0, '', '2016-05-15 04:30:00'),
(515, 45, 11, 0, '', '2016-05-15 04:30:00'),
(516, 45, 7, 0, '', '2016-05-16 04:30:00'),
(517, 45, 5, 0, '', '2016-05-16 04:30:00'),
(518, 45, 4, 11904, '', '2016-05-16 04:30:00'),
(519, 45, 9, 0, '', '2016-05-16 04:30:00'),
(520, 45, 10, 0, '', '2016-05-16 04:30:00'),
(521, 45, 11, 0, '', '2016-05-16 04:30:00'),
(522, 45, 7, 0, '', '2016-05-17 04:30:00'),
(523, 45, 5, 0, '', '2016-05-17 04:30:00'),
(524, 45, 4, 3936, '', '2016-05-17 04:30:00'),
(525, 45, 9, 0, '', '2016-05-17 04:30:00'),
(526, 45, 10, 0, '', '2016-05-17 04:30:00'),
(527, 45, 11, 0, '', '2016-05-17 04:30:00'),
(528, 45, 7, 0, '', '2016-05-18 04:30:00'),
(529, 45, 5, 0, '', '2016-05-18 04:30:00'),
(530, 45, 4, 0, '', '2016-05-18 04:30:00'),
(531, 45, 9, 0, '', '2016-05-18 04:30:00'),
(532, 45, 10, 0, '', '2016-05-18 04:30:00'),
(533, 45, 11, 0, '', '2016-05-18 04:30:00'),
(534, 45, 7, 0, '', '2016-05-19 04:30:00'),
(535, 45, 5, 0, '', '2016-05-19 04:30:00'),
(536, 45, 4, 5976, '', '2016-05-19 04:30:00'),
(537, 45, 9, 0, '', '2016-05-19 04:30:00'),
(538, 45, 10, 0, '', '2016-05-19 04:30:00'),
(539, 45, 11, 0, '', '2016-05-19 04:30:00'),
(540, 45, 7, 0, '', '2016-05-20 04:30:00'),
(541, 45, 5, 0, '', '2016-05-20 04:30:00'),
(542, 45, 4, 5976, '', '2016-05-20 04:30:00'),
(543, 45, 9, 0, '', '2016-05-20 04:30:00'),
(544, 45, 10, 0, '', '2016-05-20 04:30:00'),
(545, 45, 11, 0, '', '2016-05-20 04:30:00'),
(546, 45, 7, 0, '', '2016-05-21 04:30:00'),
(547, 45, 5, 0, '', '2016-05-21 04:30:00'),
(548, 45, 4, 0, '', '2016-05-21 04:30:00'),
(549, 45, 9, 0, '', '2016-05-21 04:30:00'),
(550, 45, 10, 0, '', '2016-05-21 04:30:00'),
(551, 45, 11, 0, '', '2016-05-21 04:30:00'),
(552, 45, 7, 0, '', '2016-05-22 04:30:00'),
(553, 45, 5, 0, '', '2016-05-22 04:30:00'),
(554, 45, 4, 0, '', '2016-05-22 04:30:00'),
(555, 45, 9, 0, '', '2016-05-22 04:30:00'),
(556, 45, 10, 0, '', '2016-05-22 04:30:00'),
(557, 45, 11, 0, '', '2016-05-22 04:30:00'),
(558, 45, 7, 0, '', '2016-05-23 04:30:00'),
(559, 45, 5, 12000, '', '2016-05-23 04:30:00'),
(560, 45, 4, 0, '', '2016-05-23 04:30:00'),
(561, 45, 9, 0, '', '2016-05-23 04:30:00'),
(562, 45, 10, 0, '', '2016-05-23 04:30:00'),
(563, 45, 11, 0, '', '2016-05-23 04:30:00'),
(564, 45, 7, 0, '', '2016-05-24 04:30:00'),
(565, 45, 5, 0, '', '2016-05-24 04:30:00'),
(566, 45, 4, 0, '', '2016-05-24 04:30:00'),
(567, 45, 9, 0, '', '2016-05-24 04:30:00'),
(568, 45, 10, 0, '', '2016-05-24 04:30:00'),
(569, 45, 11, 0, '', '2016-05-24 04:30:00'),
(570, 45, 7, 0, '', '2016-05-25 04:30:00'),
(571, 45, 5, 0, '', '2016-05-25 04:30:00'),
(572, 45, 4, 0, '', '2016-05-25 04:30:00'),
(573, 45, 9, 2328, '', '2016-05-25 04:30:00'),
(574, 45, 10, 0, '', '2016-05-25 04:30:00'),
(575, 45, 11, 0, '', '2016-05-25 04:30:00'),
(576, 45, 7, 0, '', '2016-05-26 04:30:00'),
(577, 45, 5, 0, '', '2016-05-26 04:30:00'),
(578, 45, 4, 0, '', '2016-05-26 04:30:00'),
(579, 45, 9, 2328, '', '2016-05-26 04:30:00'),
(580, 45, 10, 0, '', '2016-05-26 04:30:00'),
(581, 45, 11, 0, '', '2016-05-26 04:30:00'),
(582, 45, 7, 0, '', '2016-05-27 04:30:00'),
(583, 45, 5, 0, '', '2016-05-27 04:30:00'),
(584, 45, 4, 2160, '', '2016-05-27 04:30:00'),
(585, 45, 9, 120, '', '2016-05-27 04:30:00'),
(586, 45, 10, 48, '', '2016-05-27 04:30:00'),
(587, 45, 11, 888, '', '2016-05-27 04:30:00'),
(588, 45, 7, 0, '', '2016-05-28 04:30:00'),
(589, 45, 5, 0, '', '2016-05-28 04:30:00'),
(590, 45, 4, 0, '', '2016-05-28 04:30:00'),
(591, 45, 9, 0, '', '2016-05-28 04:30:00'),
(592, 45, 10, 0, '', '2016-05-28 04:30:00'),
(593, 45, 11, 0, '', '2016-05-28 04:30:00'),
(594, 45, 7, 0, '', '2016-05-29 04:30:00'),
(595, 45, 5, 0, '', '2016-05-29 04:30:00'),
(596, 45, 4, 0, '', '2016-05-29 04:30:00'),
(597, 45, 9, 0, '', '2016-05-29 04:30:00'),
(598, 45, 10, 0, '', '2016-05-29 04:30:00'),
(599, 45, 11, 0, '', '2016-05-29 04:30:00'),
(600, 45, 7, 0, '', '2016-05-30 04:30:00'),
(601, 45, 5, 0, '', '2016-05-30 04:30:00'),
(602, 45, 4, 0, '', '2016-05-30 04:30:00'),
(603, 45, 9, 0, '', '2016-05-30 04:30:00'),
(604, 45, 10, 0, '', '2016-05-30 04:30:00'),
(605, 45, 11, 0, '', '2016-05-30 04:30:00'),
(606, 45, 7, 0, '', '2016-05-31 04:30:00'),
(607, 45, 5, 0, '', '2016-05-31 04:30:00'),
(608, 45, 4, 0, '', '2016-05-31 04:30:00'),
(609, 45, 9, 0, '', '2016-05-31 04:30:00'),
(610, 45, 10, 0, '', '2016-05-31 04:30:00'),
(611, 45, 11, 0, '', '2016-05-31 04:30:00'),
(612, 45, 4, 4992, '', '2016-06-01 04:30:00'),
(613, 45, 4, 8856, '', '2016-06-02 04:30:00'),
(614, 45, 4, 9480, '', '2016-06-03 04:30:00'),
(615, 45, 4, 0, '', '2016-06-04 04:30:00'),
(616, 45, 4, 0, '', '2016-06-05 04:30:00'),
(617, 45, 4, 7104, '', '2016-06-06 04:30:00'),
(618, 45, 4, 5064, '', '2016-06-07 04:30:00'),
(619, 45, 4, 0, '', '2016-06-08 04:30:00'),
(620, 45, 4, 0, '', '2016-06-09 04:30:00'),
(621, 45, 4, 4056, '', '2016-06-10 04:30:00'),
(622, 45, 4, 0, '', '2016-06-11 04:30:00'),
(623, 45, 4, 0, '', '2016-06-12 04:30:00'),
(624, 45, 4, 1848, '', '2016-06-13 04:30:00'),
(625, 45, 4, 0, '', '2016-06-14 04:30:00'),
(626, 45, 4, 0, '', '2016-06-15 04:30:00'),
(627, 45, 4, 0, '', '2016-06-16 04:30:00'),
(628, 45, 4, 0, '', '2016-06-17 04:30:00'),
(629, 45, 4, 0, '', '2016-06-18 04:30:00'),
(630, 45, 4, 0, '', '2016-06-19 04:30:00'),
(631, 45, 4, 4776, '', '2016-06-20 04:30:00'),
(632, 45, 4, 0, '', '2016-06-21 04:30:00'),
(633, 45, 4, 0, '', '2016-06-22 04:30:00'),
(634, 45, 4, 0, '', '2016-06-23 04:30:00'),
(635, 45, 4, 0, '', '2016-06-24 04:30:00'),
(636, 45, 4, 0, '', '2016-06-25 04:30:00'),
(637, 45, 4, 0, '', '2016-06-26 04:30:00'),
(638, 45, 4, 0, '', '2016-06-27 04:30:00'),
(639, 45, 4, 0, '', '2016-06-28 04:30:00'),
(640, 45, 4, 0, '', '2016-06-29 04:30:00'),
(641, 45, 4, 0, '', '2016-06-30 04:30:00'),
(646, 45, 6, 7512, 'SIN OBSERVACIONES', '2016-07-19 04:30:00'),
(647, 45, 6, 7482, 'SIN OBSERVACIONES', '2016-07-21 04:30:00'),
(648, 45, 6, 5976, 'SIN OBSERVACIONES', '2016-07-22 04:30:00'),
(649, 45, 6, 1440, 'SIN OBSERVACIONES', '2016-07-23 04:30:00'),
(651, 45, 6, 1920, 'SIN OBSERVACIONES', '2016-07-25 04:30:00'),
(652, 45, 6, 4464, 'SIN OBSERVACIONES', '2016-07-26 04:30:00'),
(653, 51, 12, 17020, 'SIN OBSERVACIONES', '2016-07-01 04:30:00'),
(654, 51, 12, 5500, 'SIN OBSERVACIONES', '2016-07-04 04:30:00'),
(655, 51, 12, 16060, 'SIN OBSERVACIONES', '2016-07-13 04:30:00'),
(656, 51, 12, 21700, 'SIN OBSERVACIONES', '2016-07-14 04:30:00'),
(657, 51, 12, 29120, 'SIN OBSERVACIONES', '2016-07-15 04:30:00'),
(658, 51, 12, 23000, 'SIN OBSERVACIONES', '2016-07-18 04:30:00'),
(659, 51, 12, 27100, 'SIN OBSERVACIONES', '2016-07-19 04:30:00'),
(660, 51, 12, 25000, 'SIN OBSERVACIONES', '2016-07-20 04:30:00'),
(661, 51, 12, 23600, 'SIN OBSERVACIONES', '2016-07-21 04:30:00'),
(662, 51, 12, 16320, 'SIN OBSERVACIONES', '2016-07-22 04:30:00'),
(663, 51, 12, 17200, 'SIN OBSERVACIONES', '2016-07-25 04:30:00'),
(664, 51, 12, 20000, 'SIN OBSERVACIONES', '2016-07-26 04:30:00'),
(665, 51, 12, 28000, 'SIN OBSERVACIONES', '2016-07-27 04:30:00'),
(666, 51, 12, 13500, 'SIN OBSERVACIONES', '2016-07-28 04:30:00'),
(667, 52, 13, 22115, 'SIN OBSERVACIONES', '2016-07-04 04:30:00'),
(668, 52, 13, 29870, 'SIN OBSERVACIONES', '2016-07-11 04:30:00'),
(669, 52, 13, 35250, 'SIN OBSERVACIONES', '2016-07-12 04:30:00'),
(670, 52, 13, 35870, 'SIN OBSERVACIONES', '2016-07-13 04:30:00'),
(671, 52, 13, 18530, 'SIN OBSERVACIONES', '2016-07-14 04:30:00'),
(672, 52, 13, 5360, 'SIN OBSERVACIONES', '2016-07-18 04:30:00'),
(673, 52, 13, 13740, 'SIN OBSERVACIONES', '2016-07-19 04:30:00'),
(674, 52, 13, 23900, 'SIN OBSERVACIONES', '2016-07-20 04:30:00'),
(675, 52, 13, 36480, 'SIN OBSERVACIONES', '2016-07-21 04:30:00'),
(676, 52, 13, 14330, 'SIN OBSERVACIONES', '2016-07-22 04:30:00'),
(677, 52, 13, 14940, 'SIN OBSERVACIONES', '2016-07-25 04:30:00'),
(678, 52, 13, 25800, 'SIN OBSERVACIONES', '2016-07-28 04:30:00'),
(679, 53, 14, 15200, 'SIN OBSERVACIONES', '2016-07-30 04:30:00'),
(680, 53, 15, 3552, 'SIN OBSERVACIONES', '2016-07-01 04:30:00'),
(681, 53, 15, 15096, 'SIN OBSERVACIONES', '2016-07-04 04:30:00'),
(682, 53, 15, 1872, 'SIN OBSERVACIONES', '2016-07-06 04:30:00'),
(683, 53, 15, 7512, 'SIN OBSERVACIONES', '2016-07-07 04:30:00'),
(684, 53, 15, 14448, 'SIN OBSERVACIONES', '2016-07-08 04:30:00'),
(685, 53, 15, 16344, 'SIN OBSERVACIONES', '2016-07-11 04:30:00'),
(686, 53, 15, 9768, 'SIN OBSERVACIONES', '2016-07-12 04:30:00'),
(687, 53, 15, 11800, 'SIN OBSERVACIONES', '2016-07-13 04:30:00'),
(688, 53, 15, 18168, 'SIN OBSERVACIONES', '2016-07-14 04:30:00'),
(689, 53, 15, 13760, 'SIN OBSERVACIONES', '2016-07-15 04:30:00'),
(690, 53, 15, 20448, 'SIN OBSERVACIONES', '2016-07-18 04:30:00'),
(691, 53, 15, 15912, 'SIN OBSERVACIONES', '2016-07-19 04:30:00'),
(692, 53, 15, 19150, 'SIN OBSERVACIONES', '2016-07-20 04:30:00'),
(693, 53, 15, 18720, 'SIN OBSERVACIONES', '2016-07-21 04:30:00'),
(694, 53, 15, 11280, 'SIN OBSERVACIONES', '2016-07-22 04:30:00'),
(695, 53, 15, 15290, 'SIN OBSERVACIONES', '2016-07-25 04:30:00'),
(696, 53, 15, 15840, 'SIN OBSERVACIONES', '2016-07-26 04:30:00'),
(697, 53, 15, 15336, 'SIN OBSERVACIONES', '2016-07-27 04:30:00'),
(698, 53, 15, 15864, 'SIN OBSERVACIONES', '2016-07-28 04:30:00'),
(699, 45, 9, 1584, 'SIN OBSERVACIONES', '2016-07-04 04:30:00'),
(700, 45, 11, 1560, 'SIN OBSERVACIONES', '2016-07-04 04:30:00'),
(701, 45, 4, 5424, 'SIN OBSERVACIONES', '2016-07-06 04:30:00'),
(702, 45, 10, 528, 'SIN OBSERVACIONES', '2016-07-06 04:30:00'),
(703, 45, 4, 1200, 'SIN OBSERVACIONES', '2016-07-11 04:30:00'),
(704, 45, 6, 901, 'SIN OBSERVACIONES', '2016-07-13 04:30:00'),
(705, 45, 6, 5592, 'SIN OBSERVACIONES', '2016-07-14 04:30:00'),
(706, 45, 6, 5580, 'SIN OBSERVACIONES', '2016-07-15 04:30:00'),
(707, 45, 6, 2352, 'SIN OBSERVACIONES', '2016-07-18 04:30:00');

--
-- Disparadores `reportes`
--
DELIMITER //
CREATE TRIGGER `del_reportes` AFTER DELETE ON `reportes`
 FOR EACH ROW INSERT INTO bitacora(usuario, tabla, accion, descripcion, fecha) 
VALUES (SUBSTRING(USER(),1,(instr(user(),'@')-1)), "reportes", "Eliminar",CONCAT('Se ha eliminado el reporte ',old.id_reporte),NOW())
//
DELIMITER ;
DELIMITER //
CREATE TRIGGER `mod_reportes` AFTER UPDATE ON `reportes`
 FOR EACH ROW INSERT INTO bitacora(usuario, tabla, accion, descripcion, fecha) 
VALUES (SUBSTRING(USER(),1,(instr(user(),'@')-1)), "reportes", "Modificar",CONCAT('Se ha Modificado el reporte ',new.id_reporte),NOW())
//
DELIMITER ;
DELIMITER //
CREATE TRIGGER `reg_reportes` AFTER INSERT ON `reportes`
 FOR EACH ROW INSERT INTO bitacora(usuario, tabla, accion, descripcion, fecha) 
VALUES (SUBSTRING(USER(),1,(instr(user(),'@')-1)), "reportes", "Registrar",CONCAT('Se ha Registrado el reporte ',new.id_reporte),NOW())
//
DELIMITER ;

-- --------------------------------------------------------

--
-- Estructura de tabla para la tabla `rubros`
--

CREATE TABLE IF NOT EXISTS `rubros` (
`id_rubro` int(11) NOT NULL,
  `nombre_rubro` varchar(255) NOT NULL DEFAULT ''
) ENGINE=InnoDB AUTO_INCREMENT=32 DEFAULT CHARSET=latin1;

--
-- Volcado de datos para la tabla `rubros`
--

INSERT INTO `rubros` (`id_rubro`, `nombre_rubro`) VALUES
(21, 'CARAOTA NEGRA'),
(22, 'ARROZ INTEGRAL'),
(23, 'AZUCAR'),
(24, 'ARROZ BLANCO'),
(25, 'FRIJOL'),
(26, 'CARAOTA BLANCA'),
(27, 'FRIJOL BLANCO'),
(28, 'FRIJOL BAYO'),
(29, 'MAIZ'),
(30, 'LECHE'),
(31, 'LEGUMINOSA');

-- --------------------------------------------------------

--
-- Estructura de tabla para la tabla `sede`
--

CREATE TABLE IF NOT EXISTS `sede` (
`id_sede` int(10) unsigned NOT NULL,
  `empresa_id` int(10) unsigned NOT NULL DEFAULT '0',
  `nombre` varchar(100) COLLATE utf8_spanish_ci DEFAULT NULL,
  `responsable` varchar(50) COLLATE utf8_spanish_ci DEFAULT NULL,
  `ubicacion` longtext COLLATE utf8_spanish_ci,
  `activo` tinyint(3) unsigned DEFAULT '1' COMMENT '1=Activo, 0=Desactivado',
  `fecha_registro` timestamp NULL DEFAULT CURRENT_TIMESTAMP
) ENGINE=InnoDB DEFAULT CHARSET=utf8 COLLATE=utf8_spanish_ci;

-- --------------------------------------------------------

--
-- Estructura de tabla para la tabla `tipo_planta`
--

CREATE TABLE IF NOT EXISTS `tipo_planta` (
`id_tipo` int(11) NOT NULL,
  `nombre_tipo` varchar(255) DEFAULT NULL
) ENGINE=InnoDB AUTO_INCREMENT=4 DEFAULT CHARSET=latin1;

--
-- Volcado de datos para la tabla `tipo_planta`
--

INSERT INTO `tipo_planta` (`id_tipo`, `nombre_tipo`) VALUES
(1, 'EMPAQUETADORA'),
(2, 'PROCESADORA'),
(3, 'TRILLADORA');

-- --------------------------------------------------------

--
-- Estructura de tabla para la tabla `usuarios`
--

CREATE TABLE IF NOT EXISTS `usuarios` (
`id_usuario` int(11) NOT NULL,
  `perfil_id` int(11) NOT NULL DEFAULT '1',
  `empresa_id` int(10) unsigned NOT NULL DEFAULT '0',
  `planta_id` int(11) NOT NULL DEFAULT '0',
  `sede_id` int(11) DEFAULT NULL,
  `gerencia_id` int(11) DEFAULT NULL,
  `cedula` int(11) DEFAULT NULL,
  `nombre` varchar(255) CHARACTER SET utf8 NOT NULL DEFAULT '',
  `apellido` varchar(255) CHARACTER SET utf8 DEFAULT '',
  `usuario` varchar(255) CHARACTER SET utf8 NOT NULL DEFAULT '',
  `contraseña` varchar(255) CHARACTER SET latin1 NOT NULL DEFAULT '',
  `fecha_nac` date NOT NULL DEFAULT '0000-00-00',
  `correo` varchar(255) CHARACTER SET latin1 DEFAULT '',
  `telefono` varchar(255) CHARACTER SET latin1 DEFAULT '',
  `activo` tinyint(1) DEFAULT '1',
  `fecha_registro` timestamp NOT NULL DEFAULT CURRENT_TIMESTAMP
) ENGINE=InnoDB AUTO_INCREMENT=54 DEFAULT CHARSET=utf8 COLLATE=utf8_spanish_ci ROW_FORMAT=COMPACT;

--
-- Volcado de datos para la tabla `usuarios`
--

INSERT INTO `usuarios` (`id_usuario`, `perfil_id`, `empresa_id`, `planta_id`, `sede_id`, `gerencia_id`, `cedula`, `nombre`, `apellido`, `usuario`, `contraseña`, `fecha_nac`, `correo`, `telefono`, `activo`, `fecha_registro`) VALUES
(1, 1, 999, 0, NULL, NULL, 14573015, 'ELIAN', 'CARRILLO', 'ECARRILLO', '21232f297a57a5a743894a0e4a801fc3', '1970-07-01', 'ELIAN@VENALCASA.GOB.VE', '04165555555', 1, '2016-07-21 21:29:37'),
(43, 5, 999, 0, NULL, NULL, 0, 'BASEMINPPAL', 'BASE', 'baseminppal', 'be98836d0966117d4028f06e8586e65c', '0000-00-00', 'base@base.com', '000000000', 1, '2016-07-26 12:51:43'),
(44, 2, 1003, 0, NULL, NULL, 14573015, 'ELIAN', 'CARRILLO', 'venalcasa', '8262dfa4f6182a81de9d3453b085e1f9', '0000-00-00', 'ecarrillo.venalcasa@gmail.com', '0412000000', 1, '2016-07-26 13:50:48'),
(45, 3, 1005, 79, NULL, NULL, 16617855, 'biannett', 'rodriguez', 'brodriguez', '1140eb90823e8755e37e8071e336be95', '0000-00-00', 'biannett10@hotmail.com', '04141914702', 1, '2016-07-26 16:57:48'),
(46, 2, 1005, 0, NULL, NULL, 12345678, 'yosbeli ', 'martinez', 'ymartinez', 'e10adc3949ba59abbe56e057f20f883e', '0000-00-00', 'yosbelim90@gmail.com', '04162546789', 1, '2016-07-26 17:23:58'),
(47, 2, 1005, 79, NULL, NULL, 18337647, 'ysnoli', 'paucar', 'ypaucar', 'b2bba019c797e14672aed0a6204aa7f0', '0000-00-00', 'ysnolyfriosa@gmail.com', '04165862062', 1, '2016-07-26 17:30:21'),
(48, 4, 999, 0, NULL, NULL, 20119496, 'luis', 'barrios', 'luis', 'd21cb5fdb304605665b9730e07f95bdb', '0000-00-00', 'luisbarrios0992@gmail.com', '04162430732', 1, '2016-07-26 22:57:16'),
(49, 3, 1003, 77, NULL, NULL, 20990397, 'francisco', 'hernandez', 'fhernandez', 'e10adc3949ba59abbe56e057f20f883e', '0000-00-00', 'francisco990@gmail.com', '04165678945', 1, '2016-07-27 13:43:53'),
(50, 4, 999, 0, NULL, NULL, 12345685, 'venal', 'casa', 'casa', 'e10adc3949ba59abbe56e057f20f883e', '0000-00-00', 'venalcasa@gmail.com', '04125336565', 1, '2016-08-01 20:23:21'),
(51, 3, 1003, 63, NULL, NULL, 98765423, 'venal ', 'casa', 'calabozo', 'e10adc3949ba59abbe56e057f20f883e', '0000-00-00', 'venal@gmail.com', '04162435569', 1, '2016-08-01 20:27:28'),
(52, 3, 1003, 77, NULL, NULL, 25684143, 'venalcasa', 'casa', 'catia', 'e10adc3949ba59abbe56e057f20f883e', '0000-00-00', 'catia@gmail.com', '1234546789', 1, '2016-08-01 20:33:49'),
(53, 3, 1003, 81, NULL, NULL, 20546753, 'hugo', 'chavez', 'hugo chavez', 'e10adc3949ba59abbe56e057f20f883e', '0000-00-00', 'hugo@gmail.com', '1425369784', 1, '2016-08-01 20:42:10');

--
-- Disparadores `usuarios`
--
DELIMITER //
CREATE TRIGGER `del_usu` AFTER DELETE ON `usuarios`
 FOR EACH ROW INSERT INTO bitacora(usuario, tabla, accion, descripcion, fecha) 
VALUES (SUBSTRING(USER(),1,(instr(user(),'@')-1)), "usuarios", "Eliminado", CONCAT('El usuario ',old.usuario,' se elimino'), NOW())
//
DELIMITER ;
DELIMITER //
CREATE TRIGGER `mod_usu` AFTER UPDATE ON `usuarios`
 FOR EACH ROW INSERT INTO bitacora(usuario, tabla, accion, descripcion, fecha) 
VALUES (SUBSTRING(USER(),1,(instr(user(),'@')-1)), "usuarios", "Modificado", CONCAT('El usuario ',new.usuario,' se modifico'), NOW())
//
DELIMITER ;
DELIMITER //
CREATE TRIGGER `reg_usu` AFTER INSERT ON `usuarios`
 FOR EACH ROW INSERT INTO bitacora(usuario, tabla, accion, descripcion, fecha) 
VALUES (SUBSTRING(USER(),1,(instr(user(),'@')-1)), "usuarios", "Registrado", CONCAT('El usuario ',new.usuario,' se registro'), NOW())
//
DELIMITER ;

--
-- Índices para tablas volcadas
--

--
-- Indices de la tabla `bitacora`
--
ALTER TABLE `bitacora`
 ADD PRIMARY KEY (`id_bitacora`);

--
-- Indices de la tabla `empresa`
--
ALTER TABLE `empresa`
 ADD PRIMARY KEY (`id_empresa`), ADD UNIQUE KEY `razon_social` (`razon_social`);

--
-- Indices de la tabla `estado`
--
ALTER TABLE `estado`
 ADD PRIMARY KEY (`id_estado`);

--
-- Indices de la tabla `gerencia`
--
ALTER TABLE `gerencia`
 ADD PRIMARY KEY (`id_gerencia`), ADD KEY `sede_id` (`sede_id`);

--
-- Indices de la tabla `marcas`
--
ALTER TABLE `marcas`
 ADD PRIMARY KEY (`id_marca`);

--
-- Indices de la tabla `medida`
--
ALTER TABLE `medida`
 ADD PRIMARY KEY (`id_medida`);

--
-- Indices de la tabla `municipio`
--
ALTER TABLE `municipio`
 ADD PRIMARY KEY (`id_municipio`), ADD KEY `estado_id` (`estado_id`);

--
-- Indices de la tabla `parroquia`
--
ALTER TABLE `parroquia`
 ADD PRIMARY KEY (`id_parroquia`), ADD KEY `municipio_id` (`municipio_id`);

--
-- Indices de la tabla `perfiles`
--
ALTER TABLE `perfiles`
 ADD PRIMARY KEY (`id_perfil`);

--
-- Indices de la tabla `plantas`
--
ALTER TABLE `plantas`
 ADD PRIMARY KEY (`id_planta`), ADD UNIQUE KEY `nombre_planta` (`nombre_planta`), ADD KEY `tipo_id` (`tipo_id`), ADD KEY `empresa_id` (`empresa_id`), ADD KEY `estado_id` (`estado_id`), ADD KEY `municipio_id` (`municipio_id`), ADD KEY `parroquia_id` (`parroquia_id`);

--
-- Indices de la tabla `presentacion`
--
ALTER TABLE `presentacion`
 ADD PRIMARY KEY (`id_presentacion`), ADD KEY `medida_id` (`medida_id`);

--
-- Indices de la tabla `productos`
--
ALTER TABLE `productos`
 ADD PRIMARY KEY (`id_producto`), ADD KEY `marca_id` (`marca_id`), ADD KEY `presentacion_id` (`presentacion_id`), ADD KEY `rubro_id` (`rubro_id`);

--
-- Indices de la tabla `producto_planta`
--
ALTER TABLE `producto_planta`
 ADD PRIMARY KEY (`id_producto_planta`), ADD KEY `producto_id` (`producto_id`), ADD KEY `planta_id` (`planta_id`);

--
-- Indices de la tabla `reportes`
--
ALTER TABLE `reportes`
 ADD PRIMARY KEY (`id_reporte`), ADD KEY `usuario_id` (`usuario_id`), ADD KEY `producto_id` (`producto_id`);

--
-- Indices de la tabla `rubros`
--
ALTER TABLE `rubros`
 ADD PRIMARY KEY (`id_rubro`);

--
-- Indices de la tabla `sede`
--
ALTER TABLE `sede`
 ADD PRIMARY KEY (`id_sede`), ADD KEY `empresa_id` (`empresa_id`);

--
-- Indices de la tabla `tipo_planta`
--
ALTER TABLE `tipo_planta`
 ADD PRIMARY KEY (`id_tipo`);

--
-- Indices de la tabla `usuarios`
--
ALTER TABLE `usuarios`
 ADD PRIMARY KEY (`id_usuario`), ADD KEY `perfil_id` (`perfil_id`), ADD KEY `empresa_id` (`empresa_id`);

--
-- AUTO_INCREMENT de las tablas volcadas
--

--
-- AUTO_INCREMENT de la tabla `bitacora`
--
ALTER TABLE `bitacora`
MODIFY `id_bitacora` int(5) NOT NULL AUTO_INCREMENT,AUTO_INCREMENT=750;
--
-- AUTO_INCREMENT de la tabla `empresa`
--
ALTER TABLE `empresa`
MODIFY `id_empresa` int(10) unsigned NOT NULL AUTO_INCREMENT,AUTO_INCREMENT=1006;
--
-- AUTO_INCREMENT de la tabla `estado`
--
ALTER TABLE `estado`
MODIFY `id_estado` int(11) NOT NULL AUTO_INCREMENT COMMENT 'Identificador de la tabla Estado',AUTO_INCREMENT=25;
--
-- AUTO_INCREMENT de la tabla `gerencia`
--
ALTER TABLE `gerencia`
MODIFY `id_gerencia` int(10) unsigned NOT NULL AUTO_INCREMENT;
--
-- AUTO_INCREMENT de la tabla `marcas`
--
ALTER TABLE `marcas`
MODIFY `id_marca` int(10) unsigned NOT NULL AUTO_INCREMENT,AUTO_INCREMENT=8;
--
-- AUTO_INCREMENT de la tabla `medida`
--
ALTER TABLE `medida`
MODIFY `id_medida` int(10) unsigned NOT NULL AUTO_INCREMENT,AUTO_INCREMENT=7;
--
-- AUTO_INCREMENT de la tabla `municipio`
--
ALTER TABLE `municipio`
MODIFY `id_municipio` int(11) NOT NULL AUTO_INCREMENT COMMENT 'Identificador de Munucipio',AUTO_INCREMENT=336;
--
-- AUTO_INCREMENT de la tabla `parroquia`
--
ALTER TABLE `parroquia`
MODIFY `id_parroquia` int(11) NOT NULL AUTO_INCREMENT COMMENT 'Identificador de la parroquia',AUTO_INCREMENT=1135;
--
-- AUTO_INCREMENT de la tabla `perfiles`
--
ALTER TABLE `perfiles`
MODIFY `id_perfil` int(11) NOT NULL AUTO_INCREMENT,AUTO_INCREMENT=6;
--
-- AUTO_INCREMENT de la tabla `plantas`
--
ALTER TABLE `plantas`
MODIFY `id_planta` int(11) NOT NULL AUTO_INCREMENT,AUTO_INCREMENT=82;
--
-- AUTO_INCREMENT de la tabla `presentacion`
--
ALTER TABLE `presentacion`
MODIFY `id_presentacion` int(11) NOT NULL AUTO_INCREMENT,AUTO_INCREMENT=10;
--
-- AUTO_INCREMENT de la tabla `productos`
--
ALTER TABLE `productos`
MODIFY `id_producto` int(11) NOT NULL AUTO_INCREMENT,AUTO_INCREMENT=16;
--
-- AUTO_INCREMENT de la tabla `producto_planta`
--
ALTER TABLE `producto_planta`
MODIFY `id_producto_planta` int(11) NOT NULL AUTO_INCREMENT,AUTO_INCREMENT=16;
--
-- AUTO_INCREMENT de la tabla `reportes`
--
ALTER TABLE `reportes`
MODIFY `id_reporte` int(11) NOT NULL AUTO_INCREMENT,AUTO_INCREMENT=708;
--
-- AUTO_INCREMENT de la tabla `rubros`
--
ALTER TABLE `rubros`
MODIFY `id_rubro` int(11) NOT NULL AUTO_INCREMENT,AUTO_INCREMENT=32;
--
-- AUTO_INCREMENT de la tabla `sede`
--
ALTER TABLE `sede`
MODIFY `id_sede` int(10) unsigned NOT NULL AUTO_INCREMENT;
--
-- AUTO_INCREMENT de la tabla `tipo_planta`
--
ALTER TABLE `tipo_planta`
MODIFY `id_tipo` int(11) NOT NULL AUTO_INCREMENT,AUTO_INCREMENT=4;
--
-- AUTO_INCREMENT de la tabla `usuarios`
--
ALTER TABLE `usuarios`
MODIFY `id_usuario` int(11) NOT NULL AUTO_INCREMENT,AUTO_INCREMENT=54;
--
-- Restricciones para tablas volcadas
--

--
-- Filtros para la tabla `gerencia`
--
ALTER TABLE `gerencia`
ADD CONSTRAINT `gerencia_ibfk_1` FOREIGN KEY (`sede_id`) REFERENCES `sede` (`id_sede`);

--
-- Filtros para la tabla `municipio`
--
ALTER TABLE `municipio`
ADD CONSTRAINT `municipio_ibfk_1` FOREIGN KEY (`estado_id`) REFERENCES `estado` (`id_estado`);

--
-- Filtros para la tabla `parroquia`
--
ALTER TABLE `parroquia`
ADD CONSTRAINT `parroquia_ibfk_1` FOREIGN KEY (`municipio_id`) REFERENCES `municipio` (`id_municipio`);

--
-- Filtros para la tabla `plantas`
--
ALTER TABLE `plantas`
ADD CONSTRAINT `plantas_ibfk_1` FOREIGN KEY (`tipo_id`) REFERENCES `tipo_planta` (`id_tipo`),
ADD CONSTRAINT `plantas_ibfk_2` FOREIGN KEY (`empresa_id`) REFERENCES `empresa` (`id_empresa`),
ADD CONSTRAINT `plantas_ibfk_3` FOREIGN KEY (`estado_id`) REFERENCES `estado` (`id_estado`),
ADD CONSTRAINT `plantas_ibfk_4` FOREIGN KEY (`municipio_id`) REFERENCES `municipio` (`id_municipio`),
ADD CONSTRAINT `plantas_ibfk_5` FOREIGN KEY (`parroquia_id`) REFERENCES `parroquia` (`id_parroquia`);

--
-- Filtros para la tabla `presentacion`
--
ALTER TABLE `presentacion`
ADD CONSTRAINT `presentacion_ibfk_1` FOREIGN KEY (`medida_id`) REFERENCES `medida` (`id_medida`);

--
-- Filtros para la tabla `productos`
--
ALTER TABLE `productos`
ADD CONSTRAINT `productos_ibfk_2` FOREIGN KEY (`marca_id`) REFERENCES `marcas` (`id_marca`),
ADD CONSTRAINT `productos_ibfk_3` FOREIGN KEY (`presentacion_id`) REFERENCES `presentacion` (`id_presentacion`),
ADD CONSTRAINT `productos_ibfk_4` FOREIGN KEY (`rubro_id`) REFERENCES `rubros` (`id_rubro`);

--
-- Filtros para la tabla `producto_planta`
--
ALTER TABLE `producto_planta`
ADD CONSTRAINT `producto_planta_ibfk_1` FOREIGN KEY (`producto_id`) REFERENCES `productos` (`id_producto`),
ADD CONSTRAINT `producto_planta_ibfk_2` FOREIGN KEY (`planta_id`) REFERENCES `plantas` (`id_planta`);

--
-- Filtros para la tabla `reportes`
--
ALTER TABLE `reportes`
ADD CONSTRAINT `reportes_ibfk_1` FOREIGN KEY (`usuario_id`) REFERENCES `usuarios` (`id_usuario`);

--
-- Filtros para la tabla `sede`
--
ALTER TABLE `sede`
ADD CONSTRAINT `sede_ibfk_1` FOREIGN KEY (`empresa_id`) REFERENCES `empresa` (`id_empresa`);

--
-- Filtros para la tabla `usuarios`
--
ALTER TABLE `usuarios`
ADD CONSTRAINT `usuarios_ibfk_1` FOREIGN KEY (`perfil_id`) REFERENCES `perfiles` (`id_perfil`),
ADD CONSTRAINT `usuarios_ibfk_2` FOREIGN KEY (`empresa_id`) REFERENCES `empresa` (`id_empresa`);

/*!40101 SET CHARACTER_SET_CLIENT=@OLD_CHARACTER_SET_CLIENT */;
/*!40101 SET CHARACTER_SET_RESULTS=@OLD_CHARACTER_SET_RESULTS */;
/*!40101 SET COLLATION_CONNECTION=@OLD_COLLATION_CONNECTION */;
